Well,Substitution,Substrate,Replicate,Raw,Percentage,Molarity,Yield_per_litre
B08,C1-A10,Gly,3,0.08475,-0.23966447,-2.97619E-07,-0.383805964
B08,C1-A10,Gly,2,0.097,2.654540986,3.21429E-06,4.145103579
B08,C1-A10,Gly,1,0.09275,1.393022979,1.74107E-06,2.245264438
B09,C1-A10,Val,1,0.0915,1.214430289,1.51786E-06,2.021231287
B09,C1-A10,Val,2,0.08125,0.331817623,4.01786E-07,0.535031811
B09,C1-A10,Val,3,0.08425,-0.311563811,-3.86905E-07,-0.515215897
B10,C1-A10,Val,3,0.10075,2.06111444,2.55952E-06,3.408350004
B10,C1-A10,Val,1,0.09125,1.178711751,1.47321E-06,1.961783308
B10,C1-A10,Val,2,0.09375,2.175248863,2.63393E-06,3.507430762
B11,C4-A10,Glu,3,0.1135,3.894547633,4.83631E-06,6.585161329
B11,C4-A10,Glu,1,0.10075,2.536016192,3.16964E-06,4.315813956
B11,C4-A10,Glu,2,0.106,3.981811478,4.82143E-06,6.564900102
C02,C4-A10,Tyr,3,0.08675,0.047932894,5.95238E-08,0.083073185
C02,C4-A10,Tyr,2,0.09475,2.322723362,2.8125E-06,3.925208391
C02,C4-A10,Tyr,1,0.10325,2.893201572,3.61607E-06,5.046696502
C03,C4-A10,Xle,2,0.077,-0.294948998,-3.57143E-07,-0.480589421
C03,C4-A10,Xle,3,0.11775,4.505692031,5.59524E-06,7.529233468
C03,C4-A10,Xle,1,0.08575,0.392903917,4.91071E-07,0.660810454
C04,C4-A10,Glu,2,0.074,-0.737372496,-8.92857E-07,-1.215722241
C04,C4-A10,Glu,3,0.0765,-1.426003595,-1.77083E-06,-2.411182526
C04,C4-A10,Glu,1,0.08,-0.428622455,-5.35714E-07,-0.729433345
C05,C4-A10,Phe,2,0.17425,14.04694605,1.70089E-05,23.46610858
C05,C4-A10,Phe,3,0.18275,13.85260635,1.72024E-05,23.73300138
C05,C4-A10,Phe,1,0.203,17.1448982,2.14286E-05,29.56360136
C06,C4-A10,Asn,1,0.13525,7.465174426,9.33036E-06,12.56434523
C06,C4-A10,Asn,3,0.149,8.999400839,1.11756E-05,15.04915912
C06,C4-A10,Asn,2,0.1265,7.005038712,8.48214E-06,11.42213203
C07,C4-A10,Gln,3,0.0865,0.011983223,1.4881E-08,0.020247394
C07,C4-A10,Gln,1,0.0805,-0.357185379,-4.46429E-07,-0.60742183
C07,C4-A10,Gln,2,0.07475,-0.626766622,-7.58929E-07,-1.032617112
C08,C4-A10,Ala,3,0.209,17.62732175,2.18899E-05,28.53571613
C08,C4-A10,Ala,1,0.22375,20.10953685,2.51339E-05,32.7646755
C08,C4-A10,Ala,2,0.23325,22.7479415,2.75446E-05,35.90729091
C09,C4-A10,Thr,2,0.48325,59.6165663,7.21875E-05,96.27026063
C09,C4-A10,Thr,3,0.5285,63.5710006,7.89434E-05,105.2800854
C09,C4-A10,Thr,1,0.452,52.72056197,6.58929E-05,87.87563679
C10,C4-A10,Val,1,0.10575,3.250386951,4.0625E-06,5.409766091
C10,C4-A10,Val,3,0.13025,6.303175554,7.82738E-06,10.42321153
C10,C4-A10,Val,2,0.1145,5.235344722,6.33929E-06,8.441613021
C11,C4-A10,Xle,1,0.086,0.428622455,5.35714E-07,0.720884132
C11,C4-A10,Xle,3,0.12025,4.865188736,6.04167E-06,8.129970245
C11,C4-A10,Xle,2,0.09375,2.175248863,2.63393E-06,3.544346983
D02,C4-A10,Gln,2,0.075,-0.589897997,-7.14286E-07,-0.971874929
D02,C4-A10,Gln,3,0.097,1.521869383,1.88988E-06,2.571418272
D02,C4-A10,Gln,1,0.1105,3.929039171,4.91071E-06,6.681640134
D03,C4-A10,fhOrn,2,0.13225,7.853017082,9.50893E-06,13.22344888
D03,C4-A10,fhOrn,3,0.15075,9.251048532,1.14881E-05,15.97574649
D03,C4-A10,fhOrn,1,0.1086,3.657578283,4.57143E-06,6.357188571
D04,C4-A10,Phe,3,0.242,22.37267825,2.77827E-05,38.33002216
D04,C4-A10,Phe,1,0.18075,13.96594833,1.74554E-05,24.08201694
D04,C4-A10,Phe,2,0.1745,14.08381467,1.70536E-05,23.52769941
D05,C4-A10,Ala,2,0.1965,17.32825366,2.09821E-05,27.3523934
D05,C4-A10,Ala,3,0.23925,21.97723188,2.72917E-05,35.57750252
D05,C4-A10,Ala,1,0.21325,18.60935826,2.32589E-05,30.32041906
D06,C4-A10,Ser,1,0.36675,40.54054054,5.06696E-05,66.86357711
D06,C4-A10,Ser,2,0.4255,51.09991397,0.000061875,81.65014791
D06,C4-A10,Ser,3,0.3865,43.15158778,5.35863E-05,70.71239778
D07,C4-A10,Gly,3,0.5465,66.15937687,8.21577E-05,105.9496074
D07,C4-A10,Gly,1,0.44025,51.04179069,6.37946E-05,82.26879186
D07,C4-A10,Gly,2,0.4985,61.86555241,7.49107E-05,96.60394173
D08,C4-A10,Thr,1,0.08125,-0.250029765,-3.125E-07,-0.416754375
D08,C4-A10,Thr,2,0.125,6.783826963,8.21429E-06,10.95468643
D08,C4-A10,Thr,3,0.083,-0.491312163,-6.10119E-07,-0.813663383
D09,C4-A10,Arg,1,0.085,0.285748303,3.57143E-07,0.495952654
D09,C4-A10,Arg,3,0.11225,3.714799281,4.61309E-06,6.406054282
D09,C4-A10,Arg,2,0.1265,7.005038712,8.48214E-06,11.77887552
D10,C4-A10,Ser,3,0.284,28.41222289,3.52827E-05,46.55903512
D10,C4-A10,Ser,1,0.3095,32.36099536,4.04464E-05,53.37304041
D10,C4-A10,Ser,2,0.26175,26.95096473,3.26339E-05,43.0636783
D11,C4-A10,Gly,2,0.079,0,0,0
D11,C4-A10,Gly,1,0.09675,1.964519586,2.45536E-06,3.166398567
D11,C4-A10,Gly,3,0.10525,2.708208508,3.36309E-06,4.337005754
E02,C1-A10,Xle,1,0.08825,0.750089296,9.375E-07,1.261547231
E02,C1-A10,Xle,2,0.13825,8.737864078,1.05804E-05,14.23746161
E02,C1-A10,Xle,3,0.07925,-1.03055722,-1.27976E-06,-1.722112174
E03,C1-A10,Gly,3,0.108,3.103654883,3.85417E-06,4.970285468
E03,C1-A10,Gly,2,0.10275,3.502519356,4.24107E-06,5.469233888
E03,C1-A10,Gly,1,0.11775,4.964876771,6.20536E-06,8.002352742
E04,C1-A10,Phe,2,0.0905,1.695956741,2.05357E-06,2.833178463
E04,C1-A10,Phe,1,0.11175,4.107631861,5.13393E-06,7.082946158
E04,C1-A10,Phe,3,0.08575,-0.095865788,-1.19048E-07,-0.164242238
E05,C1-A10,Gln,1,0.319,33.7182998,4.21429E-05,57.34062079
E05,C1-A10,Gln,2,0.2215,21.01511614,2.54464E-05,34.62304433
E05,C1-A10,Gln,3,0.2875,28.91551827,3.59077E-05,48.85695446
E06,C1-A10,Ser,1,0.1065,3.357542565,4.19643E-06,5.537600219
E06,C1-A10,Ser,2,0.06925,-1.437876367,-1.74107E-06,-2.297514984
E06,C1-A10,Ser,3,0.0855,-0.131815458,-1.6369E-07,-0.21600569
E07,C1-A10,Ala,1,0.167,12.00142874,0.000015,19.55405145
E07,C1-A10,Ala,3,0.16,10.58118634,1.31399E-05,17.1291931
E07,C1-A10,Ala,2,0.1175,5.677768219,0.000006875,8.962273581
E08,C1-A10,Tyr,1,0.1165,4.786284081,5.98214E-06,8.348855942
E08,C1-A10,Tyr,3,0.15975,10.54523667,1.30952E-05,18.27610173
E08,C1-A10,Tyr,2,0.10925,4.461103601,5.40179E-06,7.538892306
E09,C1-A10,Thr,3,0.43175,49.65847813,6.16667E-05,82.23952206
E09,C1-A10,Thr,2,0.32375,36.09438368,4.37054E-05,58.28607616
E09,C1-A10,Thr,1,0.29125,29.75354209,3.71875E-05,49.59377063
E10,C1-A10,Asn,3,0.0895,0.443379269,5.50595E-07,0.74143656
E10,C1-A10,Asn,2,0.07625,-0.405554873,-4.91071E-07,-0.661281328
E10,C1-A10,Asn,1,0.07475,-1.178711751,-1.47321E-06,-1.983843984
E11,C1-A10,Thr,1,0.25458,24.51434695,3.06393E-05,40.86098038
E11,C1-A10,Thr,2,0.2545,25.88177461,3.13393E-05,41.79451018
E11,C1-A10,Thr,3,0.35175,38.15458358,4.73809E-05,63.18789349
F02,C1-A10,Glu,3,0.0765,-1.426003595,-1.77083E-06,-2.411182526
F02,C1-A10,Glu,2,0.17025,13.45704805,1.62946E-05,22.1869309
F02,C1-A10,Glu,1,0.083,0,0,0
F03,C4-A10,Val,2,0.28225,29.97419196,3.62946E-05,48.33120694
F03,C4-A10,Val,3,0.356,38.76572798,4.81399E-05,64.10472945
F03,C4-A10,Val,1,0.32725,34.89701155,4.36161E-05,58.0806755
F04,C4-A10,His,3,0.093,0.946674655,1.1756E-06,1.610124817
F04,C4-A10,His,2,0.07425,-0.700503871,-8.48214E-07,-1.161735686
F04,C4-A10,His,1,0.084,0.142874152,1.78571E-07,0.244575934
F05,C1-A10,Ser,3,0.10675,2.923906531,3.63095E-06,4.791397985
F05,C1-A10,Ser,1,0.0775,-0.785807834,-9.82143E-07,-1.296034094
F05,C1-A10,Ser,2,0.07775,-0.184343124,-2.23214E-07,-0.294553203
F06,C1-A10,Arg,3,0.12125,5.008987418,6.22024E-06,8.637841223
F06,C1-A10,Arg,2,0.094,2.212117488,2.67857E-06,3.719644902
F06,C1-A10,Arg,1,0.09825,2.178830813,2.72321E-06,3.781638983
F07,C1-A10,Phe,3,0.10775,3.067705213,3.80952E-06,5.255750531
F07,C1-A10,Phe,1,0.126,6.143588522,7.67857E-06,10.59362382
F07,C1-A10,Phe,2,0.1,3.096964483,0.00000375,5.173630238
F08,C1-A10,Ala,1,0.14575,8.965353018,1.12054E-05,14.60734201
F08,C1-A10,Ala,3,0.17125,12.19892151,1.51488E-05,19.74803928
F08,C1-A10,Ala,2,0.16975,13.3833108,1.62054E-05,21.12535916
