Sample,ScreeningPlate,ScreeningWell,Substrate,ExpectedMALDI,AverageMALDI,Samples,Data
C1-A10-RX3-1_G07,D4P4,F08,Gly,1289.58778,1289.5333759999999,5,1289.56868667,1289.48788667,1289.54330667,1289.5477,1289.5193
C1-A10-RX3-1_G06,D3P2,G01,NA,NA,991.3252866666666,1,991.325286667
C4-A10-SL4-1_G02,D1P2,F12,NA,NA,0,NA,NA,NA,NA,NA
C4-A10-SL3-3_G06,D1P2,E06,NA,NA,991.4005733333332,2,991.341273333,991.459873333
C4-A10-SL4-1_G04,D1P2,G01,NA,NA,991.4782733333332,1,991.478273333
C1-A10-RX3-1_G02,D3P2,F11,NA,NA,991.3943866666666,1,991.394386667
C1-A10-RX3-1_H12,D4P4,F09,Gly,1289.58778,1289.504236,5,1289.50288667,1289.39158667,1289.54330667,1289.5476,1289.5358
C4-A10-SL4-1_G08,D4P2,A01,Ser,1319.59835,1319.5984946666667,5,1319.65697333,1319.4545,1319.5112,1319.8055,1319.5643
C4-A10-RX4-3_E07,D3P2,B09,NA,NA,991.4059866666666,2,991.435486667,991.376486667
C1-A10-RX3-1_H11,D3P2,G06,NA,NA,991.3716366666665,2,991.403386667,991.339886667
C1-A10-RX3-1_G04,D3P2,F12,NA,NA,991.3500866666666,2,991.374886667,991.325286667
C1-A10-RX3-3_G12,D3P3,D03,NA,NA,0,NA,NA,NA,NA,NA
C4-A10-SL3-2_A10,D4P1,G06,Val,1331.63473,1331.5963244444445,6,1331.61337333,1331.75677333,1331.5171,1331.6458,1331.6041,1331.4408
C1-A10-RX3-3_G10,D3P3,D02,NA,NA,991.4580933333332,1,991.458093333
C4-A10-SL3-2_A12,D4P1,G07,Xle,1345.65038,1345.6038146666665,5,1345.79637333,1345.5188,1345.6537,1345.61,1345.4402
C1-A10-SL3-3_F09,D4P4,G12,NA,NA,1104.7422166666668,6,1331.27269333,1331.49999333,991.417806667,991.432506667,991.4183,991.412
C1-A10-SL1-3_A05,D2P4,H12,NA,NA,991.4291499999999,2,991.362,991.4963
C1-A10-RX2-1_E02,D4P3,C08,Gly,1289.58778,1289.5186477777777,6,1289.50328667,1289.43768667,1289.55130667,1289.52540667,1289.5612,1289.533
C1-A10-RX2-1_E04,D4P3,C09,Gln,1360.6249,1360.5634644444442,6,1360.52868667,1360.47388667,1360.58960667,1360.58740667,1360.5928,1360.6084
C1-A10-RX2-1_E06,D2P3,F11,NA,NA,991.3705366666666,2,991.394386667,991.346686667
C4-A10-RX2-1_E12,D4P1,A07,Ser,1319.59835,1319.5515546666666,5,1319.69177333,1319.386,1319.4897,1319.6964,1319.4939
C4-A10-RX2-2_G09,D3P1,B08,Gly,1289.58778,1289.4517,2,1289.4034,1289.5
C4-A10-RX2-1_E10,D4P1,A06,Val,1331.63473,1331.614891111111,6,1331.56777333,1331.73867333,1331.462,1331.5569,1331.7821,1331.5819
C1-A10-SL2-2_A09,D4P3,F07,Ala,1303.60343,1303.5085186666668,5,1303.39999333,1303.49489333,1303.54980667,1303.5562,1303.5417
C1-A10-SL1-3_D05,D4P3,F01,Thr,1333.614,1333.4691333333333,6,1333.42379333,1333.53849333,1333.59860667,1333.39980667,1333.4321,1333.422
C1-A10-RX4-2_B03,D2P4,C01,Val,1331.63473,1331.40645,2,1331.3129,1331.5
C1-A10-SL1-3_D07,D4P3,F02,Phe,1379.63473,1379.5697786666667,5,1379.43079333,1379.54209333,1379.63590667,1379.6288,1379.6113
C4-A10-RX2-3_C10,D4P3,H03,Val,1331.63473,1331.5954213333334,5,1331.4924,1331.6205,1331.60450667,1331.6305,1331.6292
C1-A10-RX3-3_D09,D3P3,C04,NA,NA,991.3619433333333,2,991.363493333,991.360393333
C4-A10-RX2-2_G05,D3P1,B07,Val,1331.63473,1331.51435,2,1331.4489,1331.5798
C1-A10-RX4-3_F12,D2P4,E12,NA,NA,991.3313,1,991.3313
C1-A10-RX2-1_B04,D4P3,C06,Phe,1379.63473,1379.5154644444447,6,1379.40118667,1379.32728667,1379.59750667,1379.56120667,1379.6198,1379.5858
C4-A10-RX4-1_H08,D4P4,B08,Val,1331.63473,1331.6021188888888,6,1331.5322,1331.6571,1331.61690667,1331.58670667,1331.6295,1331.5903
C4-A10-SL4-2_A10,D4P2,A04,Xle,1345.65038,1345.6592577777776,6,1345.71057333,1345.86327333,1345.4677,1345.5468,1345.7798,1345.5874
C1-A10-RX1-3_B09,D2P3,D11,NA,NA,991.3993866666666,2,991.432386667,991.366386667
C1-A10-RX1-3_B04,D4P3,C03,Gly,1289.58778,1289.5594644444445,6,1289.59998667,1289.44448667,1289.61550667,1289.53830667,1289.5923,1289.5662
C1-A10-RX2-3_A12,D2P3,H09,NA,NA,991.3534866666666,2,991.389286667,991.317686667
C4-A10-RX4-3_H10,D3P2,C11,NA,NA,991.3869866666666,2,991.418186667,991.355786667
C1-A10-SL3-3_C08,D3P3,E08,NA,NA,991.3894933333332,2,991.336993333,991.441993333
C1-A10-RX3-1_F08,D4P4,F07,Ala,1303.60343,1303.5272477777778,6,1303.52808667,1303.44958667,1303.55160667,1303.50000667,1303.5774,1303.5568
C1-A10-SL3-3_C05,D3P3,E07,NA,NA,991.3894933333332,2,991.336993333,991.441993333
C4-A10-SL3-2_B02,D4P1,G08,Xle,1345.65038,1345.619657777778,6,1345.64247333,1345.81627333,1345.5186,1345.6602,1345.618,1345.4624
C4-A10-RX2-3_G07,D4P3,H10,Phe,1379.63473,1379.5790413333332,5,1379.5131,1379.6477,1379.56350667,1379.6044,1379.5665
C4-A10-SL2-2_E11,D4P1,E02,Asn,1346.60925,1346.6421744444444,6,1346.68087333,1346.83347333,1346.501,1346.6183,1346.715,1346.5044
C4-A10-SL4-3_A11,D4P3,B04,Thr,1333.614,1333.5804144444444,6,1333.57928667,1333.50758667,1333.61450667,1333.55700667,1333.6289,1333.5952
C1-A10-RX2-1_F08,D4P3,C10,Phe,1379.63473,1379.5635477777778,6,1379.50998667,1379.46008667,1379.61240667,1379.60120667,1379.6049,1379.5927
C4-A10-SL4-2_E03,D4P2,A09,Thr,1333.614,1333.5482346666668,5,1333.67237333,1333.3734,1333.4943,1333.6843,1333.5168
C1-A10-SL2-2_H12,D4P3,F10,Phe,1379.63473,1379.5501786666666,5,1379.41979333,1379.56579333,1379.58610667,1379.5991,1379.5801
C1-A10-SL3-2_H12,D4P4,G10,Asn,1346.60925,1346.5852586666665,5,1346.49889333,1346.62259333,1346.60180667,1346.6073,1346.5957
C4-A10-RX2-2_D04,D3P1,A11,NA,NA,991.35085,2,991.3165,991.3852
C4-A10-RX4-2_A08,D4P4,B11,Ala,1303.60343,1303.5858355555556,6,1303.5563,1303.6848,1303.57700667,1303.55910667,1303.583,1303.5548
C4-A10-RX1-3_E05,D4P2,E07,Gly,1289.58778,1289.5662155555556,6,1289.65224667,1289.63324667,1289.4469,1289.5745,1289.64,1289.4504
C1-A10-SL1-1_C11,D2P4,G02,NA,NA,991.4815,2,991.4367,991.5263
C1-A10-SL1-1_C10,D4P3,E04,NA,NA,1104.7868855555555,6,1331.3408,1331.6,991.448706667,991.434106667,991.4673,991.4304
C4-A10-RX1-3_E01,D4P2,E06,Val,1331.63473,1331.6083155555555,6,1331.72544667,1331.66904667,1331.4838,1331.6201,1331.679,1331.4725
C4-A10-SL1-3_G12,D2P3,A06,NA,NA,1339.5527366666665,2,1345.59998667,1333.50548667
C1-A10-RX2-2_H09,D4P3,D03,Gly,1289.58778,1289.5239644444443,6,1289.48428667,1289.39768667,1289.57740667,1289.55440667,1289.5828,1289.5472
C4-A10-RX4-3_A12,D4P4,D04,Val,1331.63473,1331.6061977777777,6,1331.66498667,1331.53718667,1331.60950667,1331.58420667,1331.6465,1331.5948
C1-A10-RX2-2_H03,D4P3,D02,Gln,1360.6249,1360.5696477777776,6,1360.52778667,1360.41348667,1360.62240667,1360.62020667,1360.6306,1360.6034
C1-A10-SL2-2_C12,D4P3,F09,Ala,1303.60343,1303.5008586666668,5,1303.33799333,1303.49999333,1303.56240667,1303.5614,1303.5425
C1-A10-RX3-2_A08,D3P2,G11,NA,NA,991.3663366666666,2,991.410286667,991.322386667
C1-A10-RX1-2_G12,D2P3,D06,NA,NA,991.4316866666666,2,991.482486667,991.380886667
C1-A10-RX3-2_A06,D3P2,G09,NA,NA,991.3663366666666,2,991.410286667,991.322386667
C1-A10-RX3-2_A07,D3P2,G10,NA,NA,991.3663366666666,2,991.410286667,991.322386667
C1-A10-RX3-2_A05,D3P2,G08,NA,NA,991.3663366666666,2,991.410286667,991.322386667
C1-A10-RX1-1_D02,D2P3,B11,NA,NA,991.4059866666666,2,991.435486667,991.376486667
C1-A10-RX3-1_A12,D3P2,D08,NA,NA,991.4170866666666,2,991.482486667,991.351686667
C4-A10-SL4-1_D06,D4P1,H10,Ala,1303.60343,1303.560041111111,6,1303.61777333,1303.76877333,1303.4714,1303.6077,1303.5363,1303.3583
C4-A10-SL4-2_H06,D1P2,H12,NA,NA,991.3825733333332,1,991.382573333
C4-A10-RX1-3_B10,D2P1,F01,NA,NA,0,NA,NA,NA,NA,NA
C1-A10-SL4-1_E04,D4P4,H04,Phe,1379.63473,1379.5808333333334,6,1379.53829333,1379.65379333,1379.58060667,1379.54430667,1379.5981,1379.5699
C4-A10-SL4-1_C12,D4P1,H09,Thr,1333.614,1333.5333946666665,5,1333.62877333,1333.4819,1333.6222,1333.553,1333.3811
C4-A10-RX4-2_F12,D3P1,H08,NA,NA,991.4517000000001,2,991.4071,991.4963
C4-A10-RX4-3_C12,D4P4,D09,Val,1331.63473,1331.622247777778,6,1331.70168667,1331.58498667,1331.61210667,1331.60680667,1331.6287,1331.5992
C1-A10-SL3-1_D11,D4P4,G05,Ser,1319.59835,1319.5214986666667,5,1319.43349333,1319.54969333,1319.53310667,1319.562,1319.5292
C1-A10-RX4-1_G04,D2P4,B05,NA,NA,991.412,2,991.357,991.467
C4-A10-RX2-1_G04,D4P1,A09,Val,1331.63473,1331.5754346666668,5,1331.61057333,1331.4169,1331.5343,1331.7391,1331.5763
C4-A10-SL1-2_H07,D4P3,A09,Ser,1319.59835,1319.5802119999998,5,1319.67284667,1319.56630667,1319.53610667,1319.5687,1319.5571
C1-A10-RX4-2_A12,D2P4,B12,NA,NA,991.35285,2,991.3056,991.4001
C1-A10-RX3-2_G10,D3P3,A10,NA,NA,991.3203933333332,2,991.270493333,991.370293333
C1-A10-RX3-3_C01,D3P3,B12,NA,NA,991.3102933333332,2,991.260193333,991.360393333
C1-A10-RX4-3_E06,D2P4,E06,Gly,1289.58778,1289.4881,2,1289.4762,1289.5
C1-A10-SL2-1_B01,D2P5,A11,NA,NA,991.3203933333332,2,991.270493333,991.370293333
C4-A10-RX1-3_F06,D4P2,E09,Phe,1379.63473,1379.5587893333336,5,1379.65474667,1379.4329,1379.5887,1379.6642,1379.4534
C4-A10-RX2-3_F11,D4P3,H09,Phe,1379.63473,1379.5933855555556,6,1379.531,1379.683,1379.58810667,1379.57100667,1379.5947,1379.5925
C1-A10-RX1-1_G11,D2P3,C06,NA,NA,991.3738866666666,1,991.373886667
C4-A10-RX1-3_F03,D2P1,G01,NA,NA,0,NA,NA,NA,NA,NA
C4-A10-RX1-3_F01,D2P1,F12,NA,NA,991.4006466666667,2,991.411846667,991.389446667
C1-A10-SL2-2_H09,D2P5,C03,NA,NA,991.3619433333333,2,991.363493333,991.360393333
C4-A10-RX3-1_E02,D4P1,B12,Val,1331.63473,1331.5813077777777,6,1331.60177333,1331.74427333,1331.4026,1331.5157,1331.7004,1331.5231
C4-A10-RX3-1_E03,D1P1,D01,Val,1331.63473,1331.7874733333333,1,1331.78747333
C4-A10-SL4-2_G10,D1P2,H11,NA,NA,0,NA,NA,NA,NA,NA
C4-A10-RX3-1_A12,D4P1,B06,Ala,1303.60343,1303.572941111111,6,1303.57217333,1303.71587333,1303.4104,1303.5474,1303.682,1303.5098
C4-A10-RX3-1_E06,D1P1,D03,NA,NA,991.4656733333333,1,991.465673333
C4-A10-SL4-1_A02,D1P2,F01,NA,NA,0,NA,NA,NA,NA,NA
C4-A10-SL4-1_A03,D1P2,F02,NA,NA,991.4456233333333,2,991.394173333,991.497073333
C4-A10-SL3-3_E12,D1P2,E03,NA,NA,991.4127733333332,2,991.354573333,991.470973333
C1-A10-SL2-1_G07,D2P5,B03,NA,NA,991.3530933333332,2,991.296293333,991.409893333
C1-A10-RX2-2_C06,D2P3,H01,NA,NA,991.2399866666666,2,991.274486667,991.205486667
C4-A10-RX1-1_E03,D4P2,B12,Ala,1303.60343,1303.5390155555554,6,1303.69474667,1303.63474667,1303.3474,1303.4666,1303.6237,1303.4669
C4-A10-RX1-1_E01,D4P2,B11,Ala,1303.60343,1303.5439822222222,6,1303.69474667,1303.65944667,1303.3639,1303.4707,1303.6256,1303.4495
C4-A10-RX1-1_E06,D2P1,B10,NA,NA,991.3903966666667,2,991.408946667,991.371846667
C4-A10-SL3-1_H12,D4P1,G04,Ser,1319.59835,1319.5603577777777,6,1319.57017333,1319.69957333,1319.4901,1319.6217,1319.5729,1319.4077
C1-A10-RX3-2_H09,D3P3,B01,NA,NA,1140.3282933333335,2,1289.39999333,991.256593333
C1-A10-RX3-2_H08,D3P3,A12,NA,NA,991.3203933333332,2,991.270493333,991.370293333
C4-A10-RX3-3_E05,D2P2,D03,NA,NA,991.3395466666666,2,991.368446667,991.310646667
C4-A10-RX3-3_E02,D2P2,D01,NA,NA,991.3790466666667,1,991.379046667
C4-A10-RX3-3_E03,D2P2,D02,Val,1331.63473,1331.6314966666669,2,1331.66504667,1331.59794667
C1-A10-RX3-2_H01,D3P3,A11,NA,NA,991.3203933333332,2,991.270493333,991.370293333
C4-A10-RX3-2_B11,D2P1,H08,Val,1331.63473,1331.6799466666666,1,1331.67994667
C4-A10-RX2-2_A09,D3P1,A02,NA,NA,991.4103,2,991.371,991.4496
C4-A10-RX2-2_A02,D3P1,A01,NA,NA,991.41535,2,991.3811,991.4496
C4-A10-RX3-1_F03,D4P1,C02,Ala,1303.60343,1303.614191111111,6,1303.57677333,1303.77987333,1303.4678,1303.5778,1303.7393,1303.5436
C4-A10-RX3-1_F01,D1P1,D07,Val,1331.63473,1331.6929233333333,2,1331.62167333,1331.76417333
C4-A10-RX3-1_F06,D1P1,D10,NA,NA,0,NA,NA,NA,NA,NA
C4-A10-RX3-1_F05,D4P1,C03,Xle,1345.65038,1345.658307777778,6,1345.67417333,1345.84657333,1345.4834,1345.6123,1345.7744,1345.559
C1-A10-RX4-1_C01,D2P4,A09,Gly,1289.58778,1289.4463,2,1289.3801,1289.5125
C4-A10-RX3-1_F09,D4P1,C04,Ala,1303.60343,1303.5879077777777,6,1303.58917333,1303.77237333,1303.4357,1303.556,1303.6779,1303.4963
C4-A10-SL1-2_C09,D2P2,G08,Gly,1289.58778,1289.6747466666666,1,1289.67474667
C4-A10-SL3-2_D06,D1P2,C12,NA,NA,0,NA,NA,NA,NA,NA
C4-A10-SL3-2_D04,D1P2,C11,NA,NA,991.3857733333332,2,991.333973333,991.437573333
C1-A10-SL4-2_D04,D4P4,H07,NA,NA,1139.1906186666668,5,1388.34079333,1333.39999333,991.410706667,991.4189,991.3827
C1-A10-RX3-3_E01,D3P3,C07,NA,NA,991.3653433333333,2,991.320493333,991.410193333
C4-A10-RX3-3_F12,D4P2,H02,fhOrn,1390.635,1390.639431111111,3,1390.69474667,1390.69474667,1390.5288
C4-A10-SL3-2_G02,D1P2,D01,NA,NA,0,NA,NA,NA,NA,NA
C1-A10-RX2-1_C07,D2P3,F04,NA,NA,0,NA,NA,NA,NA,NA
C4-A10-SL3-2_G08,D4P1,G09,Ser,1319.59835,1319.555941111111,6,1319.60727333,1319.73117333,1319.4584,1319.5996,1319.545,1319.3942
C4-A10-SL3-2_G09,D1P2,D03,NA,NA,991.4587733333332,1,991.458773333
C1-A10-RX3-3_A12,D3P3,B05,NA,NA,0,NA,NA,NA,NA,NA
C4-A10-RX2-2_B12,D4P3,G03,Gly,1289.58778,1289.5203855555555,6,1289.3939,1289.5304,1289.54370667,1289.53320667,1289.5853,1289.5358
C4-A10-RX2-2_B10,D3P1,A06,Val,1331.63473,1331.51325,2,1331.45,1331.5765
C4-A10-RX4-2_H04,D4P4,C12,Gly,1289.58778,1289.5429355555555,6,1289.4955,1289.6212,1289.53650667,1289.53540667,1289.548,1289.521
C4-A10-SL1-2_C03,D2P2,G07,NA,NA,991.3796466666666,2,991.364546667,991.394746667
C1-A10-SL2-3_B11,D4P3,F11,Ser,1319.59835,1319.5148986666668,5,1319.39159333,1319.53649333,1319.54280667,1319.5548,1319.5488
C1-A10-SL1-1_A01,D2P4,F07,NA,NA,991.43925,2,991.3885,991.49
C1-A10-SL1-1_A05,D4P3,E01,NA,NA,1324.276642666667,5,1319.4781,1331.45890667,1319.58940667,1331.4731,1319.3837
C4-A10-RX4-2_F07,D4P4,C10,Ala,1303.60343,1303.582402222222,6,1303.5326,1303.6926,1303.56760667,1303.56590667,1303.5764,1303.5593
C4-A10-SL1-1_H04,D4P3,A01,Ser,1319.59835,1319.61026,5,1319.61694667,1319.57474667,1319.63710667,1319.6201,1319.6024
C1-A10-RX2-2_B03,D2P3,G07,NA,NA,991.3656866666665,2,991.403386667,991.327986667
C1-A10-RX2-2_B04,D2P3,G08,NA,NA,991.3663366666666,2,991.410286667,991.322386667
C1-A10-RX1-3_B08,D2P3,D10,NA,NA,991.3663866666666,1,991.366386667
C1-A10-RX3-2_E02,D3P2,H06,NA,NA,991.3631366666666,2,991.401686667,991.324586667
C1-A10-RX2-2_B09,D2P3,G09,NA,NA,991.3663366666666,2,991.410286667,991.322386667
C1-A10-RX3-2_D04,D4P4,F10,Thr,1333.614,1333.538936,5,1333.53388667,1333.44928667,1333.56450667,1333.5785,1333.5685
C1-A10-RX3-2_E05,D3P2,H07,NA,NA,991.3580866666666,2,991.401686667,991.314486667
C4-A10-RX1-1_H05,D4P2,C06,Val,1331.63473,1331.6146155555555,6,1331.71274667,1331.67724667,1331.4551,1331.5898,1331.7229,1331.5299
C4-A10-RX4-1_H05,D3P1,F07,Val,1331.63473,1331.58895,2,1331.517,1331.6609
C4-A10-RX1-1_H03,D2P1,C07,NA,NA,991.3481466666667,1,991.348146667
C1-A10-RX1-2_A01,D4P3,B12,Gly,1289.58778,1289.531131111111,6,1289.53548667,1289.45978667,1289.56210667,1289.53760667,1289.5624,1289.5294
C4-A10-SL2-3_C06,D4P1,F02,Ala,1303.60343,1303.5779546666665,5,1303.65397333,1303.5028,1303.6307,1303.6465,1303.4558
C4-A10-SL3-3_D01,D1P2,D12,NA,NA,0,NA,NA,NA,NA,NA
C4-A10-RX1-1_H09,D2P1,C10,NA,NA,991.3992966666667,2,991.417146667,991.381446667
C4-A10-RX1-1_H08,D4P2,C07,fhOrn,1390.635,1390.6104822222223,6,1390.74744667,1390.72124667,1390.4448,1390.566,1390.6879,1390.4955
C4-A10-SL4-3_C03,D2P3,B01,NA,NA,1161.4151866666666,2,991.499986667,1331.33038667
C1-A10-SL1-1_B10,D4P3,E03,Ser,1319.59835,1319.5659188888887,6,1319.4471,1319.6,1319.62620667,1319.56770667,1319.5886,1319.5659
C1-A10-SL1-1_F05,D2P4,G08,NA,NA,991.4573499999999,2,991.4086,991.5061
C4-A10-RX1-1_B08,D4P2,B05,Gln,1360.6249,1360.628448888889,6,1360.69474667,1360.71434667,1360.465,1360.5868,1360.7543,1360.5555
C1-A10-SL1-1_F02,D2P4,G07,NA,NA,991.45425,2,991.4059,991.5026
C4-A10-RX1-1_B01,D2P1,A08,NA,NA,991.3347466666667,1,991.334746667
C4-A10-RX4-1_F11,D4P4,B06,Val,1331.63473,1331.6035022222225,6,1331.545,1331.6731,1331.60830667,1331.56970667,1331.639,1331.5859
C1-A10-SL1-1_D07,D4P3,E05,Asn,1346.60925,1346.5848022222224,6,1346.5581,1346.6727,1346.56560667,1346.55200667,1346.5902,1346.5702
C1-A10-SL2-2_B12,D2P5,B11,NA,NA,1162.3725433333334,2,991.260193333,1333.48489333
C1-A10-SL4-2_G08,D4P4,H09,Thr,1333.614,1333.5452613333332,5,1333.49999333,1333.57080667,1333.52220667,1333.5822,1333.5511
C1-A10-SL2-2_B11,D2P5,B10,NA,NA,1332.4382933333334,2,1333.36869333,1331.50789333
C4-A10-RX3-2_D11,D2P1,H12,Val,1331.63473,1331.6847466666666,1,1331.68474667
C1-A10-RX1-2_B01,D4P3,C02,NA,NA,991.4329799999999,5,991.333286667,991.471106667,991.445906667,991.4654,991.4492
C4-A10-SL1-3_A01,D2P2,H11,NA,NA,991.4027466666666,1,991.402746667
C4-A10-RX2-3_D06,D3P1,C08,Val,1331.63473,1331.5249,2,1331.4457,1331.6041
C1-A10-RX3-3_E05,D3P3,C08,NA,NA,991.4101933333333,1,991.410193333
C4-A10-RX1-2_C03,D4P2,C12,Ala,1303.60343,1303.520348888889,6,1303.62554667,1303.58434667,1303.3586,1303.4958,1303.6121,1303.4457
C1-A10-SL4-1_B02,D3P3,F09,NA,NA,991.3926933333332,2,991.336293333,991.449093333
C4-A10-RX3-1_C02,D4P1,B09,Val,1331.63473,1331.6055411111108,6,1331.61477333,1331.77527333,1331.4243,1331.5417,1331.7174,1331.5598
C4-A10-SL1-3_A07,D2P2,H12,NA,NA,0,NA,NA,NA,NA,NA
C4-A10-RX4-2_C12,D4P4,C04,Val,1331.63473,1331.615968888889,6,1331.5623,1331.6842,1331.60710667,1331.59060667,1331.6476,1331.604
C1-A10-RX4-2_G12,D2P4,D04,NA,NA,991.3779,1,991.3779
C4-A10-SL4-3_D03,D4P3,B07,Thr,1333.614,1333.56156,5,1333.54998667,1333.58700667,1333.53030667,1333.5896,1333.5509
C1-A10-RX1-3_D12,D4P3,C04,Gly,1289.58778,1289.54662,5,1289.48108667,1289.56990667,1289.54600667,1289.592,1289.5441
C4-A10-RX3-1_E09,D1P1,D04,Val,1331.63473,1331.6790233333334,2,1331.60727333,1331.75077333
C1-A10-RX1-3_D10,D2P3,E03,NA,NA,991.4130866666667,2,991.432386667,991.393786667
C1-A10-RX1-3_H08,D2P3,E10,NA,NA,991.3493866666665,1,991.349386667
C4-A10-SL1-1_A05,D4P2,H03,Thr,1333.614,1333.667131111111,3,1333.69474667,1333.64474667,1333.6619
C4-A10-SL2-2_D10,D1P1,G10,NA,NA,991.4417233333331,2,991.400673333,991.482773333
C4-A10-SL2-3_H09,D1P2,B08,NA,NA,991.4232733333332,1,991.423273333
C4-A10-SL2-2_D12,D1P1,G11,NA,NA,991.3892733333332,1,991.389273333
C4-A10-SL2-3_H04,D1P2,B07,NA,NA,0,NA,NA,NA,NA,NA
C4-A10-SL2-3_H01,D4P1,F09,Ser,1319.59835,1319.533741111111,6,1319.54437333,1319.67277333,1319.4358,1319.5779,1319.5782,1319.3934
C1-A10-RX3-2_F11,D3P3,A04,Gly,1289.58778,1289.4217433333333,2,1289.35849333,1289.48499333
C4-A10-RX4-3_H09,D4P4,E10,Ser,1319.59835,1319.5412977777778,6,1319.59998667,1319.46568667,1319.54490667,1319.52940667,1319.5559,1319.5519
C4-A10-RX1-3_H12,D2P1,G10,NA,NA,1310.6581966666668,2,1331.71494667,1289.60144667
C4-A10-RX2-3_G10,D4P3,H11,Val,1331.63473,1331.5958613333335,5,1331.5157,1331.6273,1331.60300667,1331.6212,1331.6121
C4-A10-RX2-3_G11,D4P3,H12,Val,1331.63473,1331.5939413333333,5,1331.5232,1331.6553,1331.59030667,1331.5986,1331.6023
C4-A10-RX4-3_H02,D4P4,E07,His,1369.62523,1369.563976,5,1369.60128667,1369.48738667,1369.58060667,1369.5853,1369.5653
C4-A10-RX4-3_H03,D3P2,C07,Val,1331.63473,1331.5422866666668,2,1331.58168667,1331.50288667
C4-A10-RX4-3_H05,D4P4,E08,Val,1331.63473,1331.5802144444442,6,1331.58148667,1331.52088667,1331.58690667,1331.57820667,1331.6147,1331.5991
C4-A10-RX4-3_H07,D4P4,E09,Ala,1303.60343,1303.5557977777778,6,1303.55288667,1303.47628667,1303.56640667,1303.56870667,1303.5913,1303.5792
C1-A10-SL4-1_A02,D3P3,F06,NA,NA,991.4071433333332,2,991.358093333,991.456193333
C4-A10-RX1-2_F02,D4P2,D03,Xle,1345.65038,1345.6301155555554,6,1345.71474667,1345.67924667,1345.4967,1345.6245,1345.7222,1345.5433
C4-A10-RX1-2_F03,D4P2,D04,Xle,1345.65038,1345.6251655555554,6,1345.69474667,1345.72474667,1345.4818,1345.6046,1345.7125,1345.5326
C1-A10-SL4-1_A05,D3P3,F07,NA,NA,991.4071433333332,2,991.358093333,991.456193333
C4-A10-SL2-1_F08,D4P1,D01,NA,NA,1359.540691111111,6,1379.67507333,1379.80347333,1319.2711,1319.4119,1379.7576,1379.325
C1-A10-RX4-1_E06,D2P4,B01,NA,NA,0,NA,NA,NA,NA,NA
C1-A10-SL4-1_H08,D3P3,G08,NA,NA,991.4275933333332,2,991.379893333,991.475293333
C4-A10-RX4-3_G08,D3P2,C03,Val,1331.63473,1331.5929366666667,2,1331.63448667,1331.55138667
C1-A10-RX4-3_E11,D2P4,E08,NA,NA,991.41935,2,991.3515,991.4872
C4-A10-RX1-2_F08,D4P2,D05,Tyr,1395.62965,1395.5951155555556,6,1395.69474667,1395.69474667,1395.4481,1395.5823,1395.6731,1395.4777
C1-A10-RX2-2_A04,D4P3,C11,Gly,1289.58778,1289.5187644444445,6,1289.50608667,1289.41158667,1289.54760667,1289.53820667,1289.5537,1289.5554
C4-A10-SL2-2_G03,D1P1,H06,NA,NA,0,NA,NA,NA,NA,NA
C4-A10-SL2-2_G04,D4P1,E05,Xle,1345.65038,1345.6014346666666,5,1345.72277333,1345.49,1345.6295,1345.6736,1345.4913
C4-A10-SL1-1_D12,D2P2,F07,NA,NA,991.3571966666666,2,991.381746667,991.332646667
C4-A10-SL3-1_E01,D1P2,C01,NA,NA,0,NA,NA,NA,NA,NA
C4-A10-RX3-2_C12,D4P2,F11,Ala,1303.60343,1303.5135493333335,5,1303.66424667,1303.4132,1303.561,1303.5541,1303.3752
C4-A10-SL1-3_B04,D4P3,A11,Thr,1333.614,1333.599631111111,6,1333.69568667,1333.56678667,1333.58370667,1333.58350667,1333.5867,1333.5814
C4-A10-RX3-2_H03,D4P2,G05,Val,1331.63473,1331.5950822222221,6,1331.70924667,1331.64954667,1331.505,1331.6476,1331.6127,1331.4464
C1-A10-RX4-2_C05,D2P4,C04,NA,NA,991.42985,2,991.3692,991.4905
C4-A10-RX4-2_E09,D4P4,C08,Ala,1303.60343,1303.5771355555557,6,1303.5422,1303.6859,1303.57150667,1303.54970667,1303.573,1303.5405
C4-A10-SL4-2_B12,D1P2,H02,NA,NA,991.4014733333332,1,991.401473333
C4-A10-RX4-2_E04,D4P4,C07,Val,1331.63473,1331.627702222222,6,1331.6198,1331.7474,1331.59330667,1331.58020667,1331.6169,1331.6086
C1-A10-SL1-3_G06,D2P5,A05,NA,NA,991.3362433333332,2,991.288293333,991.384193333
C4-A10-RX4-2_A06,D3P1,F12,Val,1331.63473,1331.5439000000001,2,1331.4648,1331.623
C1-A10-SL2-1_A02,D2P5,A09,NA,NA,991.3203933333332,2,991.270493333,991.370293333
C1-A10-RX2-2_D04,D2P3,H02,NA,NA,991.2399866666666,2,991.274486667,991.205486667
C1-A10-RX4-1_F11,D2P4,B04,NA,NA,991.40805,2,991.3491,991.467
C4-A10-SL1-1_B08,D4P2,H07,Xle,1345.65038,1345.6308866666668,4,1345.74614667,1345.5259,1345.6641,1345.5874
C4-A10-SL1-1_B09,D2P2,F01,NA,NA,991.3243966666666,2,991.341246667,991.307546667
C4-A10-SL2-3_E02,D4P1,F06,Gly,1289.58778,1289.5439911111112,6,1289.56177333,1289.65927333,1289.4587,1289.5834,1289.5902,1289.4106
C4-A10-RX3-2_G04,D4P2,G04,Val,1331.63473,1331.5855493333333,5,1331.69584667,1331.5186,1331.6537,1331.6189,1331.4407
C4-A10-RX3-2_G07,D2P2,B03,Val,1331.63473,1331.6597966666668,2,1331.70594667,1331.61364667
C4-A10-SL2-3_E01,D4P1,F05,Asn,1346.60925,1346.5517183333334,4,1346.68847333,1346.4662,1346.6125,1346.4397
C4-A10-RX2-2_H12,D4P3,G11,Phe,1379.63473,1379.5830688888889,6,1379.5253,1379.6478,1379.58640667,1379.57470667,1379.5757,1379.5885
C4-A10-SL1-1_G01,D2P2,G01,NA,NA,0,NA,NA,NA,NA,NA
C1-A10-RX3-1_C02,D3P2,E01,NA,NA,991.4120866666666,1,991.412086667
C1-A10-RX3-1_C01,D4P4,F01,Thr,1333.614,1333.5427359999999,5,1333.51158667,1333.43158667,1333.60020667,1333.5958,1333.5745
C4-A10-RX2-1_B09,D4P1,A03,Val,1331.63473,1331.6496146666666,5,1331.71917333,1331.4839,1331.5903,1331.8251,1331.6296
C1-A10-SL2-1_H02,D2P5,B04,NA,NA,991.3496433333332,2,991.305093333,991.394193333
C1-A10-SL2-1_H03,D2P5,B05,NA,NA,991.3496433333332,2,991.305093333,991.394193333
C1-A10-SL4-2_B07,D3P3,G09,NA,NA,991.4275933333332,2,991.379893333,991.475293333
C1-A10-SL2-2_F04,D2P5,C01,NA,NA,991.3619433333333,2,991.363493333,991.360393333
C4-A10-RX4-3_A07,D3P2,A02,Gly,1289.58778,1289.5999866666666,1,1289.59998667
C4-A10-RX2-1_B05,D4P1,A02,Glu,1361.60891,1361.6211546666666,5,1361.70987333,1361.4685,1361.5405,1361.8044,1361.5825
C4-A10-SL1-2_B10,D4P3,A02,Ala,1303.60343,1303.6148844444444,6,1303.63084667,1303.61474667,1303.63750667,1303.58440667,1303.6127,1303.6091
C4-A10-RX2-1_F10,D4P1,A08,Val,1331.63473,1331.5836546666665,5,1331.70957333,1331.4204,1331.5171,1331.7274,1331.5438
C1-A10-RX4-3_B09,D2P4,D10,Gly,1289.58778,1289.4634,2,1289.4268,1289.5
C4-A10-RX4-1_G07,D4P4,B07,Tyr,1395.62965,1395.5870188888887,6,1395.5209,1395.6615,1395.59810667,1395.56740667,1395.6052,1395.569
C1-A10-RX4-3_H04,D2P4,F06,Gly,1289.58778,1289.4906,2,1289.4812,1289.5
C1-A10-RX4-1_H10,D2P4,B09,NA,NA,991.3757,2,991.3264,991.425
C1-A10-RX3-1_E10,D3P2,F03,NA,NA,991.4094366666666,2,991.438786667,991.380086667
C1-A10-RX4-3_A12,D2P4,D09,Gly,1289.58778,1289.4683,2,1289.4366,1289.5
C1-A10-SL2-3_C11,D2P5,C06,NA,NA,991.3653433333333,2,991.320493333,991.410193333
C4-A10-SL2-2_B05,D4P1,D07,Gly,1289.58778,1289.5271183333332,4,1289.61837333,1289.4299,1289.6134,1289.4468
C4-A10-SL4-1_G11,D1P2,G04,NA,NA,991.3701733333332,1,991.370173333
C4-A10-SL2-2_B07,D4P1,D08,Ser,1319.59835,1319.5374146666668,5,1319.62987333,1319.4155,1319.554,1319.631,1319.4567
C4-A10-SL2-2_B01,D1P1,G02,NA,NA,991.3865733333332,1,991.386573333
C4-A10-RX3-3_H10,D2P2,E04,Gly,1289.58778,1289.5737466666665,2,1289.60694667,1289.54054667
C4-A10-RX3-1_H01,D4P1,C06,Val,1331.63473,1331.6254911111112,6,1331.65507333,1331.79087333,1331.4667,1331.5967,1331.7037,1331.5399
C4-A10-RX3-3_H12,D2P2,E06,Val,1331.63473,1331.6497466666665,2,1331.67284667,1331.62664667
C4-A10-SL4-3_H11,D2P3,B07,Gly,1289.58778,1289.4999866666667,1,1289.49998667
C1-A10-SL1-2_C03,D4P3,E10,Ser,1319.59835,1319.5698355555553,6,1319.5457,1319.6781,1319.54050667,1319.52940667,1319.5687,1319.5566
C1-A10-SL1-2_C02,D2P4,H02,NA,NA,991.48225,2,991.4376,991.5269
C1-A10-SL2-1_G01,D2P5,B02,NA,NA,991.4275933333332,1,991.427593333
C4-A10-SL2-3_B04,D4P1,E11,Ser,1319.59835,1319.5220346666667,5,1319.66907333,1319.3927,1319.5667,1319.5811,1319.4006
C4-A10-SL2-3_B07,D1P2,A04,NA,NA,991.3914733333332,1,991.391473333
C4-A10-SL1-2_F04,D2P2,H04,NA,NA,991.3429966666666,2,991.341246667,991.344746667
C4-A10-SL1-2_F03,D2P2,H03,NA,NA,991.3492466666667,1,991.349246667
C4-A10-SL1-2_F02,D2P2,H02,NA,NA,991.3492466666667,1,991.349246667
C4-A10-RX2-2_H09,D4P3,G10,Ala,1303.60343,1303.5118766666667,4,1303.3778,1303.56310667,1303.5586,1303.548
C4-A10-SL3-3_B12,D4P1,H02,Ser,1319.59835,1319.592641111111,6,1319.59957333,1319.74857333,1319.533,1319.6569,1319.6173,1319.4005
C4-A10-RX2-2_H07,D3P1,B11,Gly,1289.58778,1289.44105,2,1289.377,1289.5051
C4-A10-SL2-2_H07,D4P1,E07,Gln,1360.6249,1360.5736946666668,5,1360.71197333,1360.4613,1360.6072,1360.6333,1360.4547
C4-A10-SL2-2_H04,D1P1,H08,NA,NA,991.3924733333332,1,991.392473333
C4-A10-SL2-2_H05,D4P1,E06,Xle,1345.65038,1345.6078346666668,5,1345.74517333,1345.499,1345.6432,1345.6636,1345.4882
C1-A10-RX3-3_G05,D3P3,C12,NA,NA,991.3326933333333,2,991.295493333,991.369893333
C4-A10-RX2-2_H01,D4P3,G09,Val,1331.63473,1331.5665855555555,6,1331.4519,1331.5697,1331.60100667,1331.57890667,1331.6047,1331.5933
C4-A10-RX2-1_E05,D1P1,A08,Val,1331.63473,1331.7288733333332,1,1331.72887333
C4-A10-SL1-2_G11,D2P2,H08,NA,NA,991.3890966666665,2,991.383446667,991.394746667
C4-A10-SL2-3_A12,D4P1,E10,Ser,1319.59835,1319.5252546666666,5,1319.66617333,1319.4105,1319.5533,1319.5792,1319.4171
C4-A10-RX4-1_B08,D3P1,D11,Val,1331.63473,1331.5315,2,1331.4645,1331.5985
C4-A10-RX2-3_C08,D4P3,H02,Val,1331.63473,1331.5917613333334,5,1331.4783,1331.6201,1331.61890667,1331.6488,1331.5927
C4-A10-RX2-1_E03,D1P1,A07,Val,1331.63473,1331.7068733333333,1,1331.70687333
C4-A10-RX4-2_H11,D4P4,D01,Gly,1289.58778,1289.5697855555557,6,1289.4639,1289.6437,1289.59250667,1289.56420667,1289.5841,1289.5703
C4-A10-RX4-1_B05,D3P1,D10,NA,NA,991.3353,1,991.3353
C1-A10-RX4-2_F08,D2P4,C12,NA,NA,991.3159,1,991.3159
C4-A10-SL1-3_D04,D2P3,A05,NA,NA,991.4473366666666,2,991.499986667,991.394686667
C1-A10-RX3-1_A06,D3P2,D06,NA,NA,991.3516866666666,1,991.351686667
C1-A10-RX4-3_F07,D2P4,E11,NA,NA,991.4258500000001,2,991.3517,991.5
C4-A10-SL1-3_D01,D4P3,B01,Ala,1303.60343,1303.4840477777777,6,1289.62678667,1289.51938667,1331.48740667,1289.39670667,1289.4365,1331.4375
C4-A10-SL4-3_F12,D2P3,B06,Val,1331.63473,1331.5143866666667,1,1331.51438667
C1-A10-RX4-3_F04,D2P4,E10,Gly,1289.58778,1289.51535,2,1289.4307,1289.6
C4-A10-SL4-2_A01,D4P2,A03,Xle,1345.65038,1345.6655744444445,6,1345.69887333,1345.82507333,1345.4802,1345.5634,1345.8052,1345.6207
C4-A10-SL1-3_H12,D2P3,A07,NA,NA,991.4378366666666,2,991.499986667,991.375686667
C1-A10-RX4-2_H06,D2P4,D05,Gly,1289.58778,1289.4506,1,1289.4506
C1-A10-RX3-2_C03,D3P2,H03,NA,NA,991.3894866666666,2,991.419386667,991.359586667
C4-A10-SL4-2_A05,D1P2,G08,NA,NA,991.3827733333333,1,991.382773333
C1-A10-RX4-2_E09,D2P4,C10,NA,NA,991.3819,2,991.3203,991.4435
C4-A10-SL4-2_A06,D1P2,G09,NA,NA,991.3854733333333,1,991.385473333
C4-A10-RX4-3_D04,D3P2,B05,Gly,1289.58778,1289.5338866666666,2,1289.59998667,1289.46778667
C4-A10-RX4-3_D06,D3P2,B06,Val,1331.63473,1331.5134866666667,1,1331.51348667
C1-A10-RX4-1_E12,D2P4,B02,Gly,1289.58778,1289.4845,1,1289.4845
C4-A10-RX4-3_D01,D4P4,D10,Val,1331.63473,1331.6194977777777,6,1331.68548667,1331.57628667,1331.63400667,1331.60830667,1331.6113,1331.6016
C4-A10-RX4-3_D02,D4P4,D11,Val,1331.63473,1331.6075644444443,6,1331.66078667,1331.56078667,1331.61620667,1331.59950667,1331.599,1331.6091
C4-A10-RX4-3_D03,D3P2,B04,NA,NA,1161.5109866666667,2,1331.63728667,991.384686667
C1-A10-SL3-3_G02,D3P3,F02,NA,NA,991.3477933333332,2,991.395393333,991.300193333
C1-A10-RX4-2_D07,D2P4,C08,NA,NA,991.3347,1,991.3347
C4-A10-RX4-3_D08,D4P4,D12,Val,1331.63473,1331.5754644444444,6,1331.57388667,1331.52098667,1331.59750667,1331.58330667,1331.5989,1331.5782
C4-A10-RX3-2_E11,D2P2,A03,Val,1331.63473,1331.6713966666666,2,1331.71244667,1331.63034667
C1-A10-SL1-3_F09,D4P3,F03,Thr,1333.614,1333.5517386666666,5,1333.40089333,1333.53929333,1333.59850667,1333.6155,1333.6045
C4-A10-SL3-3_H03,D4P1,H06,Thr,1333.614,1333.600841111111,6,1333.63297333,1333.83117333,1333.5146,1333.6565,1333.5924,1333.3774
C4-A10-RX4-1_E12,D4P4,B01,Val,1331.63473,1331.6096688888886,6,1331.4547,1331.6194,1331.65840667,1331.62240667,1331.6698,1331.6333
C4-A10-SL3-3_H04,D1P2,E08,NA,NA,991.4154733333332,2,991.352973333,991.477973333
C1-A10-SL4-1_D09,D4P4,H03,NA,NA,991.4283355555555,3,991.434606667,991.4352,991.4152
C4-A10-RX3-3_B12,D2P2,C01,NA,NA,0,NA,NA,NA,NA,NA
C4-A10-SL3-3_H08,D4P1,H07,Gln,1360.6249,1360.5519146666666,5,1360.67367333,1360.504,1360.6486,1360.5543,1360.379
C4-A10-SL3-3_H09,D1P2,E10,NA,NA,991.4162733333333,2,991.367473333,991.465073333
C4-A10-RX1-3_A05,D4P2,D12,Val,1331.63473,1331.5555322222224,6,1331.68234667,1331.63804667,1331.3984,1331.5481,1331.6201,1331.4462
C4-A10-RX1-3_E10,D4P2,E08,Gln,1360.6249,1360.5913822222224,6,1360.71254667,1360.70944667,1360.448,1360.5931,1360.6324,1360.4528
C4-A10-SL1-2_A09,D2P2,G04,Val,1331.63473,1331.6502466666666,1,1331.65024667
C1-A10-RX1-3_A06,D2P3,D08,NA,NA,991.4170866666666,2,991.482486667,991.351686667
C1-A10-RX1-3_A03,D2P3,D07,NA,NA,991.4170866666666,2,991.482486667,991.351686667
C1-A10-RX3-1_F09,D3P2,F10,NA,NA,991.3705366666666,2,991.394386667,991.346686667
C1-A10-RX3-1_F06,D4P4,F06,Gly,1289.58778,1289.503576,5,1289.50108667,1289.42478667,1289.53150667,1289.5413,1289.5192
C4-A10-SL3-3_F05,D4P1,H05,Xle,1345.65038,1345.6168744444444,6,1345.64417333,1345.81187333,1345.5463,1345.6957,1345.5967,1345.4065
C1-A10-RX3-1_F04,D4P4,F05,Thr,1333.614,1333.5391477777778,6,1333.53768667,1333.45538667,1333.55740667,1333.54320667,1333.5813,1333.5599
C1-A10-RX3-1_F05,D3P2,F07,NA,NA,991.3862366666666,2,991.438786667,991.333686667
C4-A10-SL3-3_F01,D1P2,E04,NA,NA,991.3938733333332,2,991.342673333,991.445073333
C1-A10-RX3-1_F01,D3P2,F05,NA,NA,991.4094366666666,2,991.438786667,991.380086667
C4-A10-RX4-1_A03,D4P4,A02,Val,1331.63473,1331.618502222222,6,1331.4967,1331.6317,1331.67190667,1331.61990667,1331.6537,1331.6371
C1-A10-RX4-3_C04,D2P4,D12,Gly,1289.58778,1289.4448499999999,2,1289.3921,1289.4976
C1-A10-RX4-3_C05,D4P3,D11,Thr,1333.614,1333.5329855555553,6,1333.3002,1333.5,1333.59030667,1333.59140667,1333.6082,1333.6078
C4-A10-RX4-1_A09,D4P4,A03,Val,1331.63473,1331.6071188888889,6,1331.4948,1331.6129,1331.66030667,1331.60230667,1331.6537,1331.6187
C4-A10-SL4-2_D06,D1P2,H05,NA,NA,0,NA,NA,NA,NA,NA
C4-A10-SL4-2_D01,D4P2,A06,Ala,1303.60343,1303.6113693333332,5,1303.63487333,1303.80187333,1303.4091,1303.6995,1303.5115
C4-A10-SL4-2_D03,D4P2,A07,Ala,1303.60343,1303.5535146666666,5,1303.63877333,1303.3964,1303.5049,1303.7076,1303.5199
C4-A10-SL4-2_H12,D2P5,C12,Gly,1289.58778,1289.4140433333332,2,1289.34579333,1289.48229333
C4-A10-RX3-1_H12,D1P1,E09,Val,1331.63473,1331.7542233333334,2,1331.65837333,1331.85007333
C4-A10-RX1-3_B03,D4P2,E02,Val,1331.63473,1331.641098888889,6,1331.70914667,1331.69744667,1331.527,1331.6372,1331.7333,1331.5425
C4-A10-RX4-2_F06,D4P4,C09,Ala,1303.60343,1303.576802222222,6,1303.5406,1303.6661,1303.56350667,1303.54690667,1303.5829,1303.5608
C1-A10-SL4-1_G10,D3P3,G06,NA,NA,0,NA,NA,NA,NA,NA
C4-A10-RX1-3_B07,D2P1,E12,Val,1331.63473,1331.7229466666668,2,1331.76114667,1331.68474667
C4-A10-RX4-2_F02,D3P1,H04,NA,NA,991.4955500000001,2,991.45,991.5411
C4-A10-RX1-3_B05,D4P2,E03,Phe,1379.63473,1379.6420822222224,6,1379.74914667,1379.73394667,1379.4882,1379.653,1379.7117,1379.5165
C4-A10-RX1-3_B04,D2P1,E10,Val,1331.63473,1331.7030966666666,2,1331.71924667,1331.68694667
C4-A10-SL2-1_H10,D1P1,F12,NA,NA,0,NA,NA,NA,NA,NA
C4-A10-RX4-2_F08,D4P4,C11,Val,1331.63473,1331.6195522222222,6,1331.5719,1331.6885,1331.59800667,1331.61210667,1331.6322,1331.6146
C4-A10-SL1-1_A06,D4P2,H04,Thr,1333.614,1333.6148586666666,5,1333.69524667,1333.67784667,1333.5027,1333.6412,1333.5573
C4-A10-SL3-3_A12,D1P2,D08,NA,NA,991.3952233333332,2,991.341873333,991.448573333
C1-A10-RX3-1_E11,D3P2,F04,NA,NA,991.4094366666666,2,991.438786667,991.380086667
C4-A10-RX3-1_E04,D1P1,D02,NA,NA,991.4093233333333,2,991.366073333,991.452573333
C4-A10-SL1-1_A02,D2P2,E07,NA,NA,991.3595466666667,2,991.371746667,991.347346667
C1-A10-RX4-2_A05,D2P4,B10,NA,NA,991.3661999999999,2,991.3137,991.4187
C1-A10-RX4-3_E12,D2P4,E09,NA,NA,991.4239,2,991.3606,991.4872
C1-A10-RX4-2_A07,D2P4,B11,NA,NA,991.36165,2,991.3046,991.4187
C1-A10-SL3-3_H11,D3P3,F05,NA,NA,991.4038933333333,2,991.353493333,991.454293333
C4-A10-SL1-1_A08,D4P2,H05,Ala,1303.60343,1303.578532222222,6,1303.68564667,1303.66974667,1303.5372,1303.6321,1303.5573,1303.3892
MUT,D2P5,D06,NA,NA,0,NA,NA,NA,NA,NA
C1-A10-RX3-2_B06,D3P2,G12,Val,1331.63473,1331.4999866666667,2,1331.49998667,1331.49998667
C1-A10-SL1-2_C05,D4P3,E12,Thr,1333.614,1333.5917688888887,6,1333.5505,1333.6875,1333.55620667,1333.57150667,1333.5984,1333.5865
C4-A10-SL4-2_G07,D1P2,H10,NA,NA,0,NA,NA,NA,NA,NA
C4-A10-RX3-1_E12,D4P1,C01,NA,NA,1322.1550577777778,6,1303.58147333,1303.72597333,1331.2941,1331.4028,1331.556,1331.37
C4-A10-RX3-1_E10,D1P1,D05,Val,1331.63473,1331.6959233333332,2,1331.62427333,1331.76757333
C1-A10-RX1-1_G09,D2P3,C05,NA,NA,991.4299866666665,2,991.465286667,991.394686667
C1-A10-SL3-2_H06,D4P4,G09,Phe,1379.63473,1379.5740186666667,5,1379.48829333,1379.61949333,1379.58420667,1379.5986,1379.5795
C4-A10-SL4-1_A11,D4P1,H08,Gly,1289.58778,1289.5489077777777,6,1289.61317333,1289.74657333,1289.4569,1289.6091,1289.5146,1289.3531
C4-A10-RX1-1_F03,D4P2,C02,Ala,1303.60343,1303.6186988888887,6,1303.73534667,1303.67284667,1303.4628,1303.6047,1303.715,1303.5215
C4-A10-RX1-1_F05,D4P2,C03,Val,1331.63473,1331.612232222222,6,1331.69474667,1331.60034667,1331.4835,1331.6036,1331.7408,1331.5504
C4-A10-RX1-1_F06,D2P1,C02,Gly,1289.58778,1289.6197466666667,2,1289.69474667,1289.54474667
C4-A10-RX3-3_E10,D2P2,D04,NA,NA,991.3526966666666,2,991.388346667,991.317046667
C4-A10-RX3-3_A03,D2P2,B06,Gly,1289.58778,1289.6063966666666,2,1289.63144667,1289.58134667
C4-A10-RX3-3_A04,D4P2,G06,Arg,1388.66743,1388.6109988888886,6,1388.69474667,1388.69474667,1388.5408,1388.6642,1388.6411,1388.4304
C1-A10-RX3-3_B04,D4P4,G01,Gly,1289.58778,1289.5409813333333,5,1289.49719333,1289.56590667,1289.51730667,1289.5754,1289.5491
C4-A10-RX2-1_H01,D4P1,A11,Val,1331.63473,1331.5765244444444,6,1331.59307333,1331.70907333,1331.3778,1331.509,1331.7281,1331.5421
C4-A10-RX2-1_H02,D4P1,A12,Ala,1303.60343,1303.5270577777776,6,1303.53497333,1303.68087333,1303.3652,1303.4578,1303.6511,1303.4724
C1-A10-RX3-3_B07,D3P3,B08,Gly,1289.58778,1289.4999933333334,1,1289.49999333
C1-A10-SL2-1_A01,D2P5,A08,Gly,1289.58778,1289.4254933333334,2,1289.39999333,1289.45099333
C4-A10-RX2-1_G11,D1P1,B03,Gly,1289.58778,1289.5981233333332,2,1289.53557333,1289.66067333
C1-A10-SL2-1_A03,D2P5,A10,NA,NA,991.3203933333332,2,991.270493333,991.370293333
C4-A10-RX2-1_H07,D4P1,B01,NA,NA,1350.663941111111,6,1389.64767333,1388.76687333,1331.2684,1331.3716,1331.5723,1331.3568
C4-A10-RX2-1_H08,D4P1,B02,Ala,1303.60343,1303.595657777778,6,1303.55437333,1303.68527333,1303.4663,1303.5542,1303.7622,1303.5516
C4-A10-RX2-2_E01,D4P3,G06,Gly,1289.58778,1289.5286813333332,5,1289.4634,1289.5947,1289.52530667,1289.548,1289.512
C4-A10-RX2-2_E06,D4P3,G07,Val,1331.63473,1331.5710613333333,5,1331.5095,1331.6088,1331.56790667,1331.6117,1331.5574
C1-A10-RX3-3_B01,D3P3,B06,Gly,1289.58778,1289.4435933333334,2,1289.37719333,1289.50999333
C1-A10-SL4-3_B11,D3P3,H07,NA,NA,991.4269933333333,2,991.375193333,991.478793333
C1-A10-RX1-3_C12,D2P3,E01,NA,NA,991.4323866666666,1,991.432386667
C1-A10-SL4-3_H03,D4P4,H12,Thr,1333.614,1333.54374,5,1333.43319333,1333.59199333,1333.53720667,1333.60000667,1333.5563
C1-A10-RX4-1_C11,D2P4,A11,NA,NA,991.34365,2,991.3021,991.3852
C1-A10-RX4-1_C10,D2P4,A10,NA,NA,991.3538000000001,2,991.3002,991.4074
C1-A10-SL3-3_G11,D3P3,F03,NA,NA,991.4233933333333,2,991.377393333,991.469393333
C1-A10-RX2-1_D12,D2P3,F08,NA,NA,991.3708366666666,2,991.407986667,991.333686667
C1-A10-SL3-3_A03,D4P4,G11,Phe,1379.63473,1379.5580499999999,6,1379.45689333,1379.59579333,1379.55550667,1379.57390667,1379.5784,1379.5878
C1-A10-RX2-1_D10,D2P3,F07,NA,NA,0,NA,NA,NA,NA,NA
C1-A10-SL3-3_E03,D3P3,E10,NA,NA,991.3894933333332,2,991.336993333,991.441993333
C4-A10-RX3-3_F04,D2P2,D05,NA,NA,991.3489966666666,2,991.375346667,991.322646667
C4-A10-RX3-3_F07,D2P2,D06,NA,NA,991.3513966666667,2,991.369246667,991.333546667
C4-A10-RX3-2_F05,D4P2,G01,Val,1331.63473,1331.6255988888888,6,1331.71274667,1331.67044667,1331.5555,1331.67,1331.6531,1331.4918
C1-A10-SL4-3_B02,D3P3,H06,NA,NA,991.4269933333333,2,991.375193333,991.478793333
C1-A10-RX3-3_B08,D3P3,B09,NA,NA,991.3309433333332,2,991.273593333,991.388293333
C1-A10-RX3-2_B09,D3P2,H01,NA,NA,991.2399866666666,2,991.274486667,991.205486667
C1-A10-RX3-3_A04,D3P3,B04,Gly,1289.58778,1289.4441433333334,2,1289.38949333,1289.49879333
C4-A10-RX3-3_F09,D2P2,D08,NA,NA,991.3629466666666,2,991.383546667,991.342346667
C4-A10-RX3-3_F08,D2P2,D07,NA,NA,991.3638966666667,2,991.385446667,991.342346667
C1-A10-RX3-3_A01,D3P3,B03,Val,1331.63473,1331.4999933333334,2,1331.39999333,1331.59999333
C4-A10-RX2-2_B05,D3P1,A04,Val,1331.63473,1331.52215,2,1331.4686,1331.5757
C4-A10-RX2-2_B04,D4P3,G02,Val,1331.63473,1331.5961013333333,5,1331.4958,1331.6055,1331.63660667,1331.6382,1331.6044
C4-A10-RX2-2_B07,D3P1,A05,NA,NA,1161.4581,2,991.3354,1331.5808
C4-A10-RX1-3_G09,D4P2,F02,Val,1331.63473,1331.641298888889,6,1331.69264667,1331.65414667,1331.5607,1331.6836,1331.7347,1331.522
C4-A10-RX2-3_H06,D4P4,A01,Val,1331.63473,1331.633918888889,6,1331.5131,1331.6393,1331.67920667,1331.63150667,1331.6959,1331.6445
C4-A10-SL3-3_B01,D4P1,H01,Gly,1289.58778,1289.5765366666667,4,1289.57107333,1289.70387333,1289.5913,1289.4399
C4-A10-RX1-3_G05,D4P2,F01,Ala,1303.60343,1303.570432222222,6,1303.61194667,1303.55124667,1303.501,1303.6248,1303.6541,1303.4795
C4-A10-RX1-3_G02,D4P2,E12,Phe,1379.63473,1379.542248888889,6,1379.67314667,1379.60634667,1379.4094,1379.5544,1379.5815,1379.4287
C4-A10-RX1-3_G01,D4P2,E11,Phe,1379.63473,1379.5684988888888,6,1379.69304667,1379.64244667,1379.436,1379.5889,1379.611,1379.4396
C4-A10-SL2-1_A01,D4P1,C10,Ala,1303.60343,1303.570591111111,6,1303.61987333,1303.76677333,1303.3994,1303.5422,1303.6305,1303.4648
C1-A10-RX2-2_B11,D2P3,G10,NA,NA,0,NA,NA,NA,NA,NA
C1-A10-RX4-3_G09,D2P4,F04,NA,NA,991.45615,2,991.4099,991.5024
C1-A10-RX3-1_C03,D3P2,E02,NA,NA,991.4130866666667,2,991.432386667,991.393786667
C1-A10-RX4-2_B06,D2P4,C02,Gly,1289.58778,1289.49395,2,1289.4879,1289.5
C1-A10-RX4-3_G02,D2P4,F02,NA,NA,991.47815,2,991.4229,991.5334
C4-A10-SL2-1_A09,D1P1,E11,NA,NA,991.4156733333332,2,991.360773333,991.470573333
C4-A10-RX4-2_D09,D3P1,G12,NA,NA,991.4122500000001,2,991.3536,991.4709
C1-A10-RX4-3_G01,D2P4,F01,Val,1331.63473,1331.42155,2,1331.3431,1331.5
C1-A10-RX3-2_E11,D3P2,H09,NA,NA,991.3534866666666,2,991.389286667,991.317686667
C1-A10-RX3-2_E10,D3P2,H08,NA,NA,991.3534866666666,2,991.389286667,991.317686667
C1-A10-RX4-3_G04,D2P4,F03,Gly,1289.58778,1289.5155,2,1289.531,1289.5
C4-A10-RX2-2_C01,D3P1,A08,Val,1331.63473,1331.4966,2,1331.4276,1331.5656
C1-A10-RX1-2_A11,D4P3,C01,NA,NA,1314.6739599999999,5,1289.42858667,1331.48520667,1331.42590667,1289.5916,1331.4385
C1-A10-RX1-2_A10,D2P3,C11,NA,NA,991.3869866666666,2,991.418186667,991.355786667
C4-A10-RX4-1_H11,D3P1,F10,Val,1331.63473,1331.5709000000002,2,1331.5035,1331.6383
C4-A10-RX4-1_H10,D4P4,B09,Val,1331.63473,1331.6125022222222,6,1331.548,1331.647,1331.65050667,1331.59770667,1331.623,1331.6088
C1-A10-RX4-2_E03,D2P4,C09,NA,NA,991.3871,2,991.3336,991.4406
C1-A10-RX1-1_A10,D2P3,B09,NA,NA,991.4382366666666,2,991.499986667,991.376486667
C4-A10-SL1-2_D03,D4P3,A05,Ala,1303.60343,1303.602872,5,1303.69474667,1303.59560667,1303.53830667,1303.6079,1303.5778
C1-A10-RX3-3_G01,D3P3,C11,NA,NA,991.3278433333332,2,991.276993333,991.378693333
C4-A10-SL4-3_C11,D2P3,B02,Gly,1289.58778,1289.5999866666666,1,1289.59998667
C4-A10-RX3-2_F09,D2P2,A10,Gly,1289.58778,1289.6710466666666,2,1289.69474667,1289.64734667
C4-A10-RX1-3_D12,D2P1,F08,Gly,1289.58778,1289.6197466666667,2,1289.69474667,1289.54474667
C4-A10-SL1-2_G03,D4P3,A07,Gln,1360.6249,1360.600812,5,1360.67474667,1360.59890667,1360.55200667,1360.6072,1360.5712
C1-A10-SL1-1_B04,D2P4,F10,NA,NA,991.4202,2,991.3721,991.4683
C1-A10-SL1-1_B07,D2P4,F11,NA,NA,991.418,2,991.3652,991.4708
C4-A10-SL3-1_E05,D1P2,C02,NA,NA,991.3941733333331,2,991.352773333,991.435573333
C1-A10-RX3-2_F03,D3P2,H10,NA,NA,991.3534866666666,2,991.389286667,991.317686667
C1-A10-RX1-2_F08,D2P3,D04,NA,NA,991.4499366666666,2,991.482486667,991.417386667
C1-A10-RX3-2_F04,D4P4,F11,Gly,1289.58778,1289.5024983333335,4,1289.39838667,1289.53450667,1289.5385,1289.5386
C1-A10-RX3-2_F07,D3P3,A01,NA,NA,1162.3334933333333,2,991.349093333,1333.31789333
C1-A10-RX1-1_C06,D2P3,B10,NA,NA,991.4059866666666,2,991.435486667,991.376486667
C1-A10-RX3-2_F09,D3P3,A03,NA,NA,991.3627933333332,2,991.323393333,991.402193333
C1-A10-RX3-2_F08,D4P4,F12,Gly,1289.58778,1289.5063333333335,6,1289.41389333,1289.52149333,1289.51890667,1289.51730667,1289.5339,1289.5325
C4-A10-RX4-3_B12,D3P2,A09,Gly,1289.58778,1289.5256866666668,2,1289.57748667,1289.47388667
C1-A10-SL2-2_B04,D4P3,F08,Ala,1303.60343,1303.4983786666667,5,1303.34509333,1303.49869333,1303.54520667,1303.5651,1303.5378
C4-A10-RX2-3_F05,D4P3,H08,Gly,1289.58778,1289.5377813333332,5,1289.4873,1289.623,1289.52660667,1289.5392,1289.5128
C1-A10-RX1-1_E11,D2P3,C01,Val,1331.63473,1331.3999866666668,1,1331.39998667
C4-A10-RX2-3_D12,D4P3,H04,Val,1331.63473,1331.5798522222224,6,1331.4736,1331.5992,1331.61690667,1331.57510667,1331.6252,1331.5891
C4-A10-RX3-1_G03,D1P1,E01,NA,NA,0,NA,NA,NA,NA,NA
C4-A10-SL4-3_E06,D4P3,B08,Ala,1303.60343,1303.5679477777778,6,1303.63378667,1303.51348667,1303.57320667,1303.53550667,1303.5863,1303.5654
C4-A10-RX3-1_G07,D1P1,E03,Val,1331.63473,1331.7207733333335,2,1331.65977333,1331.78177333
C4-A10-RX3-1_G04,D1P1,E02,Val,1331.63473,1331.7255733333334,2,1331.66777333,1331.78337333
C1-A10-SL4-2_C03,D4P4,H05,Thr,1333.614,1333.5398333333333,6,1333.46559333,1333.58899333,1333.55750667,1333.51730667,1333.5804,1333.5292
C1-A10-RX1-3_H10,D2P3,E11,NA,NA,1140.4464366666666,2,991.392886667,1289.49998667
C1-A10-SL1-1_G01,D2P4,G10,NA,NA,991.4335,2,991.3806,991.4864
C4-A10-RX4-1_D10,D4P4,A09,Val,1331.63473,1331.6188033333333,4,1331.60990667,1331.61060667,1331.6404,1331.6143
C4-A10-RX1-1_C05,D2P1,B01,NA,NA,991.3818466666667,1,991.381846667
C4-A10-RX4-2_C09,D3P1,G06,Val,1331.63473,1331.6135,2,1331.5532,1331.6738
C4-A10-RX1-1_C01,D2P1,A10,NA,NA,991.3943466666667,1,991.394346667
C4-A10-RX1-1_C02,D4P2,B06,Ala,1303.60343,1303.5804655555555,6,1303.69474667,1303.65474667,1303.4156,1303.5027,1303.6952,1303.5198
C4-A10-RX1-1_C03,D2P1,A12,NA,NA,991.4038466666666,1,991.403846667
C4-A10-RX1-1_C08,D4P2,B07,fhOrn,1390.635,1390.5966655555555,6,1390.72024667,1390.64154667,1390.4236,1390.5529,1390.7134,1390.5283
C4-A10-RX1-1_C09,D4P2,B08,Ala,1303.60343,1303.5312493333333,5,1303.57474667,1303.407,1303.5127,1303.6686,1303.4932
C1-A10-RX4-3_D10,D2P4,E05,NA,NA,991.43685,2,991.3865,991.4872
C1-A10-SL1-2_F06,D2P4,H07,NA,NA,991.4638,2,991.4054,991.5222
C1-A10-RX1-2_C06,D2P3,D02,NA,NA,991.4173866666666,1,991.417386667
C4-A10-RX4-3_H12,D4P4,E11,Ala,1303.60343,1303.579616,5,1303.64158667,1303.55068667,1303.55790667,1303.5812,1303.5667
C4-A10-RX4-3_H11,D3P2,C12,NA,NA,991.3757366666666,2,991.418186667,991.333286667
C4-A10-RX1-3_H02,D2P1,G08,NA,NA,991.3446466666667,2,991.364546667,991.324746667
C4-A10-RX1-3_H04,D2P1,G09,Gly,1289.58778,1289.6230466666666,2,1289.65134667,1289.59474667
C4-A10-RX3-1_D10,D4P1,B11,Val,1331.63473,1331.590407777778,6,1331.61757333,1331.75747333,1331.406,1331.5253,1331.6981,1331.538
C4-A10-RX4-1_F05,D4P4,B04,Val,1331.63473,1331.625918888889,6,1331.5681,1331.6897,1331.66200667,1331.57500667,1331.6519,1331.6088
C4-A10-RX1-2_B02,D4P2,C10,Ala,1303.60343,1303.5225493333332,5,1303.60744667,1303.3832,1303.5231,1303.6436,1303.4554
C1-A10-RX3-3_D11,D3P3,C05,Gly,1289.58778,1289.4733933333334,2,1289.39999333,1289.54679333
C1-A10-RX4-1_A08,D2P4,A05,NA,NA,991.3893,2,991.3354,991.4432
WT,D2P5,D05,Thr,1333.614,1333.54356,6,1333.51899333,1333.46999333,1333.44519333,1333.62439333,1333.59889333,1333.60389333
C4-A10-RX1-2_B07,D4P2,C11,Gly,1289.58778,1289.508198888889,6,1289.61074667,1289.55384667,1289.3475,1289.4952,1289.6055,1289.4364
C4-A10-RX4-2_C03,D4P4,C02,Ala,1303.60343,1303.5958022222223,6,1303.5287,1303.6738,1303.60900667,1303.58060667,1303.6106,1303.5721
C1-A10-RX4-1_A02,D2P4,A01,NA,NA,1317.4299999999998,2,1303.4805,1331.3795
C1-A10-RX4-1_A03,D2P4,A02,NA,NA,991.4136000000001,2,991.3776,991.4496
C4-A10-SL1-2_H05,D4P3,A08,Xle,1345.65038,1345.6337519999997,5,1345.71744667,1345.61570667,1345.59230667,1345.6316,1345.6117
C1-A10-RX4-1_A07,D4P3,D04,Thr,1333.614,1333.5562522222222,6,1333.4448,1333.5916,1333.59170667,1333.54540667,1333.5989,1333.5651
C4-A10-SL2-1_B05,D4P1,C11,Thr,1333.614,1333.5212746666668,5,1333.61967333,1333.381,1333.5229,1333.6294,1333.4534
C4-A10-RX3-1_C12,D4P1,B10,Val,1331.63473,1331.6010077777776,6,1331.63547333,1331.77797333,1331.4095,1331.5393,1331.7019,1331.5419
C4-A10-RX2-2_D01,D4P3,G04,Val,1331.63473,1331.5601613333333,5,1331.4231,1331.5472,1331.60580667,1331.6353,1331.5894
C1-A10-RX4-3_E09,D2P4,E07,NA,NA,991.4300499999999,2,991.3729,991.4872
C4-A10-RX1-1_D10,D2P1,B06,NA,NA,991.3361466666667,1,991.336146667
C4-A10-RX1-1_D11,D4P2,B10,Xle,1345.65038,1345.6014822222223,6,1345.73074667,1345.69394667,1345.4214,1345.5552,1345.6908,1345.5168
C4-A10-RX4-2_C07,D3P1,G05,NA,NA,991.45525,2,991.3962,991.5143
C1-A10-SL1-2_D02,D2P4,H06,NA,NA,991.4721999999999,2,991.4222,991.5222
C4-A10-RX3-3_D10,D4P2,H01,Val,1331.63473,1331.6293655555558,6,1331.74534667,1331.69544667,1331.5575,1331.6764,1331.6428,1331.4587
C4-A10-SL2-2_A09,D4P1,D06,NA,NA,991.4364546666666,5,991.494673333,991.3489,991.4471,991.5033,991.3883
C4-A10-RX3-2_C01,D2P1,H09,NA,NA,991.3834466666666,1,991.383446667
C4-A10-RX3-2_C07,D4P2,F10,Ser,1319.59835,1319.5553655555557,6,1319.68284667,1319.65474667,1319.4192,1319.6049,1319.5815,1319.389
C4-A10-RX3-3_C10,D4P2,G10,Val,1331.63473,1331.5902655555553,6,1331.69654667,1331.67284667,1331.4828,1331.6527,1331.6141,1331.4226
C4-A10-RX1-2_A12,D4P2,C09,Val,1331.63473,1331.6060822222223,6,1331.73804667,1331.70874667,1331.4235,1331.5602,1331.6824,1331.5236
C1-A10-SL1-1_D02,D2P4,G03,NA,NA,991.47195,2,991.4212,991.5227
C4-A10-RX4-2_A05,D4P4,B10,Val,1331.63473,1331.593768888889,6,1331.4974,1331.6373,1331.60820667,1331.61110667,1331.6064,1331.6022
C1-A10-RX4-1_B10,D2P4,A08,NA,NA,991.366,2,991.322,991.41
C4-A10-SL1-1_F08,D4P2,H12,NA,NA,1062.2501693333331,5,1345.75724667,991.3406,991.4691,991.3972,991.2867
C4-A10-SL2-1_G04,D4P1,D04,Xle,1345.65038,1345.6597077777778,6,1345.72147333,1345.87157333,1345.4846,1345.6422,1345.7197,1345.5187
C4-A10-SL2-1_G02,D4P1,D03,Ala,1303.60343,1303.6065911111111,6,1303.62917333,1303.77047333,1303.4694,1303.583,1303.6958,1303.4917
C4-A10-SL2-1_G03,D1P1,F09,NA,NA,0,NA,NA,NA,NA,NA
C4-A10-SL2-1_G01,D1P1,F07,Gly,1289.58778,1289.6715733333335,2,1289.59767333,1289.74547333
C4-A10-SL1-1_F02,D4P2,H11,NA,NA,1059.837989333333,5,1333.71014667,991.3496,991.4637,991.4081,991.2584
C1-A10-RX4-1_F09,D2P4,B03,NA,NA,991.364,1,991.364
C4-A10-SL2-3_E12,D1P2,B03,NA,NA,991.3691233333332,2,991.329973333,991.408273333
C4-A10-SL3-1_D08,D4P1,F12,Ala,1303.60343,1303.5247911111112,6,1303.54847333,1303.67257333,1303.4138,1303.5582,1303.5515,1303.4042
C4-A10-SL2-2_F02,D1P1,H02,Gly,1289.58778,1289.6309733333333,1,1289.63097333
C4-A10-SL2-2_F03,D1P1,H03,Gly,1289.58778,1289.7033733333333,2,1289.62977333,1289.77697333
C4-A10-RX3-1_B01,D1P1,C03,NA,NA,991.3852233333332,2,991.339573333,991.430873333
C1-A10-SL2-1_H11,D2P5,B07,NA,NA,991.3454933333333,2,991.301693333,991.389293333
C4-A10-RX2-2_F04,D4P3,G08,Phe,1379.63473,1379.5554413333332,5,1379.4615,1379.6012,1379.57170667,1379.5846,1379.5582
C1-A10-RX4-1_H09,D2P4,B08,NA,NA,1161.4557,2,991.3316,1331.5798
C1-A10-RX4-1_H08,D2P4,B07,NA,NA,1140.42375,2,1289.4137,991.4338
C1-A10-SL2-3_G02,D4P3,F12,Thr,1333.614,1333.5120386666665,5,1333.39999333,1333.49999333,1333.56240667,1333.5426,1333.5552
C4-A10-RX4-3_G09,D3P2,C04,NA,NA,991.4299866666665,2,991.465286667,991.394686667
C1-A10-RX2-3_B08,D2P3,H10,NA,NA,991.3534866666666,2,991.389286667,991.317686667
C4-A10-RX4-3_G03,D4P4,E05,Val,1331.63473,1331.6059477777778,6,1331.66928667,1331.57418667,1331.59830667,1331.56260667,1331.6296,1331.6017
C1-A10-SL1-2_G09,D2P4,H08,NA,NA,991.46465,2,991.4071,991.5222
C4-A10-RX3-3_H08,D2P2,E03,Val,1331.63473,1331.6381466666667,2,1331.65884667,1331.61744667
C4-A10-RX4-2_B06,D4P4,B12,Val,1331.63473,1331.6083188888888,6,1331.5934,1331.7074,1331.61120667,1331.56810667,1331.6021,1331.5677
C4-A10-SL2-2_B10,D4P1,D09,Thr,1333.614,1333.5442346666666,5,1333.63407333,1333.4189,1333.5573,1333.6436,1333.4673
C4-A10-RX3-3_H03,D2P2,E01,NA,NA,991.3482466666667,1,991.348246667
C4-A10-RX4-2_B09,D4P4,C01,Ala,1303.60343,1303.6047855555555,6,1303.5492,1303.6738,1303.61670667,1303.58440667,1303.619,1303.5856
C4-A10-RX3-3_H05,D2P2,E02,NA,NA,991.3342466666667,2,991.348246667,991.320246667
C4-A10-RX3-2_F04,D2P2,A06,NA,NA,991.3749466666667,2,991.399346667,991.350546667
C4-A10-RX3-2_G05,D2P2,B01,Val,1331.63473,1331.6456466666666,2,1331.68284667,1331.60844667
C4-A10-RX3-2_F06,D4P2,G02,Val,1331.63473,1331.6217322222221,6,1331.69474667,1331.69224667,1331.5365,1331.679,1331.6572,1331.4707
C4-A10-RX3-2_F07,D4P2,G03,Thr,1333.614,1333.5868322222223,6,1333.69474667,1333.64474667,1333.5001,1333.6339,1333.6156,1333.4319
C1-A10-RX1-3_D06,D2P3,E02,Gly,1289.58778,1289.5530366666667,2,1289.58168667,1289.52438667
C4-A10-RX3-2_F02,D2P2,A04,NA,NA,991.3674966666667,2,991.402146667,991.332846667
C4-A10-RX3-2_F03,D2P2,A05,NA,NA,991.3660966666666,2,991.399346667,991.332846667
C4-A10-RX4-3_F12,D4P4,E04,Val,1331.63473,1331.6209144444445,6,1331.68048667,1331.58138667,1331.63990667,1331.59590667,1331.6257,1331.6021
C4-A10-SL1-1_E09,D4P2,H10,NA,NA,1113.4604493333334,5,1303.67584667,991.3506,1289.5918,991.4056,991.2784
C4-A10-RX2-1_D07,D4P1,A05,Gly,1289.58778,1289.5463746666667,5,1289.62267333,1289.3934,1289.501,1289.6967,1289.5181
C4-A10-RX3-3_C11,D4P2,G11,Val,1331.63473,1331.5801822222222,6,1331.71274667,1331.67724667,1331.463,1331.6338,1331.5745,1331.4198
C4-A10-RX4-3_D12,D4P4,E01,Val,1331.63473,1331.6264355555556,3,1331.63490667,1331.6442,1331.6002
C4-A10-SL3-1_G01,D1P2,C04,NA,NA,991.4236733333332,1,991.423673333
C4-A10-RX3-2_G06,D2P2,B02,NA,NA,991.3653966666666,2,991.400046667,991.330746667
C1-A10-RX4-2_F11,D2P4,D01,NA,NA,1161.40435,2,1331.3281,991.4806
C4-A10-RX2-2_F06,D3P1,B05,Val,1331.63473,1331.4858,2,1331.4716,1331.5
C4-A10-RX2-1_A08,D4P1,A01,NA,NA,1337.1917146666667,5,1345.75517333,1331.6362,1331.34,1345.8269,1331.4003
C4-A10-RX4-1_F03,D4P4,B02,Val,1331.63473,1331.6542855555556,6,1331.5889,1331.7258,1331.66170667,1331.62870667,1331.6797,1331.6409
C4-A10-RX4-1_F04,D4P4,B03,NA,NA,1332.6106022222223,6,1332.5477,1332.6843,1332.63370667,1332.57670667,1332.6289,1332.5923
C1-A10-SL2-2_G09,D2P5,C02,NA,NA,991.3619433333333,2,991.363493333,991.360393333
C1-A10-SL4-2_C08,D3P3,G11,Gly,1289.58778,1289.4879433333333,2,1289.42569333,1289.55019333
C4-A10-RX4-1_F07,D4P4,B05,Val,1331.63473,1331.6179022222223,6,1331.5645,1331.6915,1331.62760667,1331.57750667,1331.6455,1331.6008
C4-A10-SL2-3_C04,D4P1,F01,Val,1331.63473,1331.393075,4,1331.3286,1331.4587,1331.4779,1331.3071
C4-A10-SL4-3_E11,D2P3,B05,NA,NA,1332.5867366666666,2,1331.63708667,1333.53638667
C1-A10-RX3-1_A05,D3P2,D05,NA,NA,991.3808866666666,1,991.380886667
C4-A10-RX3-1_H10,D4P1,C08,Val,1331.63473,1331.5742183333332,4,1331.80117333,1331.4189,1331.5658,1331.511
C1-A10-SL1-2_B07,D2P4,H01,NA,NA,991.2571,1,991.2571
C4-A10-RX3-2_E04,D2P2,A02,Val,1331.63473,1331.6696466666667,2,1331.70044667,1331.63884667
C4-A10-SL2-3_C08,D1P2,A08,NA,NA,0,NA,NA,NA,NA,NA
C4-A10-SL2-3_C09,D4P1,F03,Ser,1319.59835,1319.5712346666667,5,1319.67367333,1319.4789,1319.6216,1319.6342,1319.4478
C1-A10-SL3-2_F12,D3P3,D12,NA,NA,991.3949933333332,1,991.394993333
C4-A10-RX3-2_A10,D4P2,F05,Val,1331.63473,1331.5881693333333,5,1331.61444667,1331.5183,1331.6719,1331.6649,1331.4713
C4-A10-RX3-2_A11,D4P2,F06,Val,1331.63473,1331.595898888889,6,1331.65014667,1331.63474667,1331.5332,1331.6558,1331.6429,1331.4586
C4-A10-RX3-2_A12,D2P1,H03,NA,NA,991.3492466666667,1,991.349246667
C4-A10-RX3-1_H11,D4P1,C09,Val,1331.63473,1331.619691111111,6,1331.67497333,1331.82107333,1331.4283,1331.5709,1331.7078,1331.5151
C4-A10-RX3-2_E03,D4P2,F12,Val,1331.63473,1331.5541155555557,6,1331.70524667,1331.60584667,1331.4279,1331.6068,1331.5745,1331.4044
C4-A10-SL2-3_C01,D4P1,E12,Ser,1319.59835,1319.5144146666667,5,1319.67017333,1319.384,1319.5342,1319.5605,1319.4232
C4-A10-SL1-2_G01,D4P3,A06,Ser,1319.59835,1319.574252,5,1319.61664667,1319.58780667,1319.52610667,1319.5806,1319.5601
C1-A10-SL2-1_H07,D4P3,F06,Phe,1379.63473,1379.5423333333335,6,1379.39259333,1379.52969333,1379.57320667,1379.59130667,1379.5988,1379.5684
C1-A10-RX3-3_F05,D3P3,C09,NA,NA,991.3653433333333,2,991.320493333,991.410193333
C4-A10-RX2-3_A09,D4P3,G12,Tyr,1395.62965,1395.5584188888888,6,1395.4825,1395.6099,1395.56520667,1395.56090667,1395.5557,1395.5763
C4-A10-RX2-3_E10,D4P3,H06,Val,1331.63473,1331.5687813333334,5,1331.4434,1331.5723,1331.60740667,1331.6219,1331.5989
C4-A10-RX2-3_A06,D3P1,C03,NA,NA,991.4316,2,991.3727,991.4905
C4-A10-RX2-3_A03,D3P1,C02,Gly,1289.58778,1289.48805,2,1289.4761,1289.5
C1-A10-SL4-1_C10,D4P4,H02,Arg,1388.66743,1388.5933186666668,5,1388.45839333,1388.61269333,1388.64200667,1388.6418,1388.6117
C4-A10-RX2-3_B05,D4P3,H01,Val,1331.63473,1331.5007688888888,6,1331.4963,1331.6254,1331.42860667,1331.42970667,1331.4384,1331.5862
C4-A10-SL1-3_C08,D4P3,A12,Ala,1303.60343,1303.552596,5,1303.59998667,1303.49998667,1303.53780667,1303.5736,1303.5516
C4-A10-SL3-3_H11,D1P2,E12,NA,NA,0,NA,NA,NA,NA,NA
C4-A10-SL3-3_H10,D1P2,E11,Gly,1289.58778,1289.6675233333333,2,1289.58837333,1289.74667333
C1-A10-SL1-1_A11,D4P3,E02,Ser,1319.59835,1319.5731022222224,6,1319.4724,1319.5967,1319.62620667,1319.56840667,1319.5947,1319.5802
C4-A10-RX1-2_E07,D4P2,D02,Ala,1303.60343,1303.5974155555557,6,1303.66654667,1303.60154667,1303.4836,1303.5985,1303.7124,1303.5219
C4-A10-RX1-2_E06,D2P1,D06,Gly,1289.58778,1289.6469466666667,2,1289.69474667,1289.59914667
C1-A10-RX3-3_H07,D4P4,G04,Gly,1289.58778,1289.5197786666668,5,1289.41809333,1289.55599333,1289.54520667,1289.5591,1289.5205
C1-A10-RX3-2_B11,D3P2,H02,NA,NA,991.2399866666666,2,991.274486667,991.205486667
C1-A10-RX3-1_B08,D3P2,D11,NA,NA,991.3663866666666,1,991.366386667
C1-A10-RX1-3_E02,D2P3,E05,NA,NA,0,NA,NA,NA,NA,NA
C1-A10-RX1-3_E04,D4P3,C05,Xle,1345.65038,1345.59668,5,1345.50698667,1345.63400667,1345.58180667,1345.6509,1345.6097
C1-A10-RX3-1_B02,D4P4,E12,Gly,1289.58778,1289.527996,5,1289.59998667,1289.44698667,1289.53080667,1289.538,1289.5242
C4-A10-RX1-1_F12,D4P2,C04,Glu,1361.60891,1361.5647986666668,5,1361.69474667,1361.63474667,1361.434,1361.5618,1361.4987
C4-A10-SL2-2_E01,D4P1,E01,NA,NA,1311.8696946666666,5,1303.63237333,1331.2946,1331.4316,1289.4888,1303.5011
C4-A10-SL1-2_A10,D2P2,G05,NA,NA,991.3541466666667,1,991.354146667
C4-A10-RX4-3_G11,D4P4,E06,His,1369.62523,1369.5604159999998,5,1369.60238667,1369.48838667,1369.58330667,1369.576,1369.552
C1-A10-RX3-1_B04,D3P2,D10,NA,NA,991.3663866666666,1,991.366386667
C4-A10-SL2-3_D11,D4P1,F04,Ser,1319.59835,1319.5285999999999,4,1319.4664,1319.6014,1319.6123,1319.4343
C1-A10-RX3-3_F06,D3P3,C10,NA,NA,991.3331933333332,2,991.283093333,991.383293333
C4-A10-SL1-1_E01,D4P2,H08,NA,NA,1304.2317655555555,6,1333.69474667,1333.64474667,1289.4916,1289.6213,1289.5966,1289.3416
C1-A10-RX2-2_B12,D2P3,G11,NA,NA,991.3663366666666,2,991.410286667,991.322386667
C1-A10-RX4-3_C11,D2P4,E02,NA,NA,991.4693500000001,2,991.413,991.5257
C4-A10-SL4-2_D10,D4P2,A08,Gly,1289.58778,1289.5228546666667,5,1289.60637333,1289.3578,1289.4913,1289.6699,1289.4889
C4-A10-RX4-2_C11,D4P4,C03,Val,1331.63473,1331.6215688888888,6,1331.5511,1331.6737,1331.62900667,1331.60250667,1331.6577,1331.6154
C4-A10-RX4-3_A06,D4P4,D03,Tyr,1395.62965,1395.6267644444445,6,1395.75998667,1395.58478667,1395.62550667,1395.59480667,1395.6223,1395.5732
C4-A10-RX1-2_G10,D4P2,D07,Ser,1319.59835,1319.5868322222223,6,1319.71014667,1319.67314667,1319.4348,1319.5563,1319.6733,1319.4733
C4-A10-RX1-2_G11,D2P1,E01,NA,NA,991.3200466666667,2,991.348246667,991.291846667
C4-A10-RX1-2_G12,D2P1,E02,NA,NA,1162.4932966666665,2,1333.69474667,991.291846667
C4-A10-RX1-2_H09,D4P2,D10,Xle,1345.65038,1345.5773155555555,6,1345.68584667,1345.63034667,1345.431,1345.5762,1345.6466,1345.4939
C4-A10-RX3-1_B10,D1P1,C06,Gly,1289.58778,1289.6036233333334,2,1289.54777333,1289.65947333
C4-A10-RX3-1_B12,D4P1,B08,Val,1331.63473,1331.5990577777777,6,1331.59927333,1331.74937333,1331.4202,1331.5538,1331.7213,1331.5504
C4-A10-RX1-2_H02,D4P2,D08,Val,1331.63473,1331.5896155555554,6,1331.67444667,1331.61674667,1331.4548,1331.6049,1331.6859,1331.5009
C1-A10-RX2-2_G06,D2P3,H06,NA,NA,991.3611866666665,2,991.397786667,991.324586667
C4-A10-RX1-2_H04,D4P2,D09,Ala,1303.60343,1303.5357822222225,6,1303.62404667,1303.57714667,1303.4114,1303.538,1303.6234,1303.4407
C1-A10-RX2-2_G03,D2P3,H05,NA,NA,0,NA,NA,NA,NA,NA
C1-A10-RX3-1_A11,D3P2,D07,NA,NA,991.4170866666666,2,991.482486667,991.351686667
C1-A10-RX3-1_E05,D3P2,F01,NA,NA,991.4322866666666,2,991.458686667,991.405886667
C4-A10-SL3-3_A02,D4P1,G11,Xle,1345.65038,1345.5973911111112,6,1345.64877333,1345.79627333,1345.4861,1345.6359,1345.5808,1345.4365
C1-A10-RX3-1_E07,D3P2,F02,NA,NA,0,NA,NA,NA,NA,NA
C4-A10-SL2-1_H05,D4P1,D05,Gln,1360.6249,1360.618291111111,6,1360.67397333,1360.86097333,1360.4441,1360.5861,1360.6633,1360.4813
C1-A10-SL3-2_D10,D4P4,G07,Thr,1333.614,1333.5129186666668,5,1333.37889333,1333.53129333,1333.54910667,1333.5668,1333.5385
C1-A10-RX3-1_E03,D3P2,E12,NA,NA,991.3604366666666,2,991.392886667,991.327986667
C4-A10-SL3-1_B07,D4P1,F11,Thr,1333.614,1333.5523577777776,6,1333.60167333,1333.73797333,1333.4254,1333.5776,1333.5677,1333.4038
C4-A10-SL3-3_A09,D4P1,G12,Phe,1379.63473,1379.5786244444444,6,1379.62957333,1379.79897333,1379.4474,1379.6201,1379.5525,1379.4232
C4-A10-RX4-3_C06,D3P2,A12,NA,NA,991.4239866666666,2,991.499986667,991.347986667
C4-A10-RX4-3_C05,D4P4,D08,Val,1331.63473,1331.5581811111113,6,1331.49998667,1331.50388667,1331.59450667,1331.58200667,1331.5875,1331.5812
C4-A10-RX4-1_E02,D4P4,A10,Ala,1303.60343,1303.5505855555555,6,1303.4518,1303.6082,1303.57010667,1303.55530667,1303.5576,1303.5605
C4-A10-RX4-2_D12,D4P4,C06,Gly,1289.58778,1289.5367355555557,6,1289.5416,1289.5,1289.55330667,1289.51840667,1289.5707,1289.5364
C4-A10-SL1-1_E03,D4P2,H09,Thr,1333.614,1333.567148888889,6,1333.67884667,1333.66504667,1333.5127,1333.6318,1333.5405,1333.374
C1-A10-SL3-1_F02,D3P3,D09,NA,NA,991.3594433333333,2,991.303093333,991.415793333
C4-A10-RX1-1_E07,D4P2,C01,Val,1331.63473,1331.6598822222222,6,1331.76804667,1331.72934667,1331.5018,1331.6089,1331.7813,1331.5699
C1-A10-SL3-1_E04,D4P4,G06,Thr,1333.614,1333.5341786666668,5,1333.41019333,1333.56919333,1333.55550667,1333.5908,1333.5452
C1-A10-SL3-2_G08,D4P4,G08,Thr,1333.614,1333.5570833333334,6,1333.48899333,1333.61629333,1333.57250667,1333.53140667,1333.5713,1333.562
C1-A10-RX1-3_G12,D2P3,E09,NA,NA,991.3826366666666,2,991.417186667,991.348086667
C1-A10-SL3-1_E02,D3P3,D07,NA,NA,991.3765933333332,2,991.324893333,991.428293333
C1-A10-SL4-1_A11,D3P3,F08,NA,NA,991.3912933333332,2,991.333893333,991.448693333
C1-A10-SL3-2_G01,D3P3,E01,Val,1331.63473,1331.3229933333332,2,1331.25269333,1331.39329333
C4-A10-RX3-3_A11,D2P2,B08,Gly,1289.58778,1289.6457466666666,2,1289.65954667,1289.63194667
C4-A10-RX3-3_A12,D4P2,G07,Val,1331.63473,1331.6217655555556,6,1331.73464667,1331.74334667,1331.5061,1331.66,1331.6447,1331.4418
C4-A10-RX2-1_H12,D4P1,B03,Tyr,1395.62965,1395.6341146666666,5,1395.78397333,1395.4779,1395.5579,1395.7903,1395.5605
C4-A10-RX2-1_H10,D1P1,B08,Gly,1289.58778,1289.6769733333333,1,1289.67697333
C1-A10-RX3-3_B11,D4P4,G02,Thr,1333.614,1333.5253333333333,6,1333.34999333,1333.48489333,1333.58280667,1333.58620667,1333.5874,1333.5607
C1-A10-RX3-3_B10,D3P3,B10,NA,NA,991.3232933333333,2,991.268193333,991.378393333
C4-A10-RX4-1_E09,D4P4,A12,Val,1331.63473,1331.5841522222224,6,1331.4792,1331.6216,1331.58740667,1331.58500667,1331.6295,1331.6022
C4-A10-RX2-1_G08,D4P1,A10,Phe,1379.63473,1379.589891111111,6,1379.65127333,1379.76547333,1379.3839,1379.5007,1379.7108,1379.5272
C4-A10-SL4-1_F08,D4P1,H12,Ser,1319.59835,1319.5388411111112,6,1319.62077333,1319.77027333,1319.4321,1319.5919,1319.5013,1319.3167
C4-A10-RX1-3_A10,D4P2,E01,Val,1331.63473,1331.6394988888887,6,1331.70354667,1331.67334667,1331.5229,1331.6548,1331.7363,1331.5461
C1-A10-SL4-3_H12,D3P3,H12,NA,NA,991.3914433333332,2,991.328293333,991.454593333
C1-A10-RX1-3_B10,D2P3,D12,NA,NA,991.3663866666666,1,991.366386667
C4-A10-SL3-3_D07,D4P1,H04,Thr,1333.614,1333.6086411111112,6,1333.65187333,1333.78237333,1333.5286,1333.6555,1333.6017,1333.4318
C4-A10-SL3-3_D04,D1P2,E01,NA,NA,0,NA,NA,NA,NA,NA
C1-A10-SL4-2_E07,D3P3,H02,NA,NA,991.4434933333332,2,991.397693333,991.489293333
C4-A10-SL4-1_F04,D1P2,F09,NA,NA,991.4384233333333,2,991.383573333,991.493273333
C4-A10-SL4-2_F08,D4P2,A10,Xle,1345.65038,1345.5825546666667,5,1345.72097333,1345.3972,1345.5231,1345.7211,1345.5504
C4-A10-SL4-1_F06,D4P1,H11,Thr,1333.614,1333.5767577777776,6,1333.67087333,1333.79037333,1333.4734,1333.6199,1333.5361,1333.3699
C4-A10-RX1-1_G01,D2P1,C04,Gly,1289.58778,1289.6281466666667,2,1289.64154667,1289.61474667
C1-A10-SL4-1_D07,D3P3,F12,NA,NA,991.3085933333332,1,991.308593333
C4-A10-SL4-1_G10,D4P2,A02,Thr,1333.614,1333.6062546666667,5,1333.65127333,1333.4629,1333.5421,1333.7876,1333.5874
C4-A10-SL4-1_H05,D1P2,G06,NA,NA,991.3806733333332,1,991.380673333
C4-A10-RX1-1_G07,D4P2,C05,Xle,1345.65038,1345.6096155555554,6,1345.69474667,1345.66314667,1345.4603,1345.6113,1345.7194,1345.5088
C4-A10-RX3-3_G04,D2P2,D11,NA,NA,991.4058466666667,2,991.408146667,991.403546667
C4-A10-RX3-3_G05,D2P2,D12,NA,NA,991.3947466666666,1,991.394746667
C1-A10-SL1-2_H07,D2P4,H11,NA,NA,991.3823,1,991.3823
C1-A10-SL3-3_E06,D3P3,E12,NA,NA,991.3461933333333,2,991.292393333,991.399993333
C1-A10-SL1-2_H01,D2P4,H10,NA,NA,991.4517000000001,2,991.4071,991.4963
C4-A10-RX3-3_G02,D2P2,D10,NA,NA,991.3928466666666,2,991.412646667,991.373046667
C4-A10-SL4-1_H02,D1P2,G05,Gly,1289.58778,1289.5992733333333,1,1289.59927333
C1-A10-RX1-1_H02,D2P3,C07,NA,NA,991.4011366666666,2,991.438986667,991.363286667
C4-A10-RX3-3_B05,D4P2,G08,Val,1331.63473,1331.610948888889,6,1331.75574667,1331.71754667,1331.5096,1331.6599,1331.5957,1331.4272
C4-A10-RX3-3_B04,D2P2,B10,NA,NA,991.3903966666667,2,991.408946667,991.371846667
C1-A10-SL1-3_H05,D2P5,A06,NA,NA,991.3321433333333,2,991.285893333,991.378393333
C4-A10-RX3-2_H02,D2P2,B04,NA,NA,991.3623466666667,2,991.388946667,991.335746667
C4-A10-RX3-3_B08,D2P2,B12,NA,NA,991.3854966666667,2,991.426246667,991.344746667
C1-A10-RX1-1_H08,D2P3,C08,Gly,1289.58778,1289.5372866666667,2,1289.59998667,1289.47458667
C1-A10-RX2-1_G11,D2P3,G03,NA,NA,991.4139366666666,2,991.441886667,991.385986667
C1-A10-RX4-2_C01,D4P3,D07,Thr,1333.614,1333.5542022222223,6,1333.4865,1333.6,1333.56150667,1333.54430667,1333.5887,1333.5442
C4-A10-RX4-2_D08,D3P1,G11,Gly,1289.58778,1289.5,1,1289.5
C4-A10-RX4-1_C12,D4P4,A05,Ala,1303.60343,1303.5511188888888,6,1303.5183,1303.5,1303.58960667,1303.54020667,1303.6078,1303.5508
C1-A10-SL1-2_G10,D2P4,H09,NA,NA,991.4517000000001,2,991.4071,991.4963
C1-A10-SL1-3_C12,D2P5,A01,NA,NA,991.3803433333333,2,991.349093333,991.411593333
C4-A10-SL4-3_H12,D4P3,B09,Xle,1345.65038,1345.59028,5,1345.49998667,1345.60710667,1345.59900667,1345.6194,1345.6259
C1-A10-RX1-1_F09,D2P3,C03,NA,NA,991.3981866666666,1,991.398186667
C4-A10-RX3-3_H11,D2P2,E05,NA,NA,991.3550466666667,2,991.371746667,991.338346667
C4-A10-RX2-2_F09,D3P1,B06,NA,NA,991.3876,2,991.3414,991.4338
C4-A10-RX1-3_C03,D2P1,F03,NA,NA,991.3301966666666,2,991.348546667,991.311846667
C4-A10-RX1-3_C01,D4P2,E04,Val,1331.63473,1331.6028655555556,6,1331.67974667,1331.59684667,1331.5006,1331.6393,1331.7012,1331.4995
C4-A10-RX1-3_C06,D2P1,F05,NA,NA,991.3304466666666,2,991.349146667,991.311746667
C1-A10-RX1-1_F01,D2P3,C02,NA,NA,991.4749866666666,2,991.518986667,991.430986667
C4-A10-RX1-3_C05,D2P1,F04,Val,1331.63473,1331.6360966666666,2,1331.65654667,1331.61564667
C1-A10-RX3-1_H01,D3P2,G03,NA,NA,991.4139366666666,2,991.441886667,991.385986667
C1-A10-SL1-2_C04,D4P3,E11,Thr,1333.614,1333.596768888889,6,1333.5762,1333.6991,1333.57300667,1333.57140667,1333.587,1333.5739
C1-A10-RX3-1_H04,D3P2,G04,NA,NA,991.4139366666666,2,991.441886667,991.385986667
C1-A10-RX3-1_H06,D3P2,G05,NA,NA,991.3908866666666,2,991.441886667,991.339886667
C4-A10-RX4-3_E10,D4P4,E02,Tyr,1395.62965,1395.5907483333333,4,1395.50118667,1395.61850667,1395.6454,1395.5979
C1-A10-RX4-3_G10,D2P4,F05,NA,NA,991.4422,2,991.3917,991.4927
C1-A10-SL3-3_B04,D3P3,E06,NA,NA,991.3885933333332,2,991.335693333,991.441493333
C1-A10-SL4-2_E11,D3P3,H03,NA,NA,1162.5148933333332,2,1333.54049333,991.489293333
C4-A10-SL3-2_A04,D4P1,G05,Ala,1303.60343,1303.5672077777779,6,1303.57887333,1303.72227333,1303.4799,1303.6162,1303.5952,1303.4108
C1-A10-RX2-1_A04,D2P3,E12,NA,NA,991.3279866666666,1,991.327986667
C1-A10-RX3-1_D08,D4P4,F03,Thr,1333.614,1333.545856,5,1333.52728667,1333.45778667,1333.58690667,1333.5876,1333.5697
C1-A10-RX2-1_D01,D2P3,F05,NA,NA,0,NA,NA,NA,NA,NA
C4-A10-RX2-2_C09,D3P1,A09,Gly,1289.58778,1289.44255,2,1289.3726,1289.5125
C1-A10-RX2-1_D07,D2P3,F06,Gly,1289.58778,1289.5131866666666,2,1289.59998667,1289.42638667
C1-A10-RX3-3_G08,D4P4,G03,Thr,1333.614,1333.4598386666667,5,1333.22909333,1333.35129333,1333.56230667,1333.6008,1333.5557
C4-A10-SL1-2_F05,D2P2,H05,NA,NA,991.3499466666666,1,991.349946667
C4-A10-RX1-3_D05,D2P1,F07,Gly,1289.58778,1289.5879466666665,2,1289.60974667,1289.56614667
C4-A10-RX1-3_D04,D4P2,E05,Val,1331.63473,1331.5973155555555,6,1331.67774667,1331.66324667,1331.4872,1331.6283,1331.651,1331.4764
C1-A10-RX3-2_D12,D3P2,H05,NA,NA,991.3611866666665,2,991.397786667,991.324586667
C4-A10-SL4-2_F09,D4P2,A11,Val,1331.63473,1331.5606946666667,5,1331.70977333,1331.3986,1331.4948,1331.6858,1331.5145
C4-A10-RX4-1_E08,D4P4,A11,Val,1331.63473,1331.5856826666666,5,1331.499,1331.60660667,1331.58200667,1331.6322,1331.6086
C1-A10-RX4-2_E12,D2P4,C11,Gly,1289.58778,1289.4542000000001,2,1289.3912,1289.5172
C1-A10-SL1-3_H06,D4P3,F04,Glu,1361.60891,1361.5195999999999,6,1361.37999333,1361.48779333,1361.56230667,1361.56020667,1361.5779,1361.5494
C1-A10-RX4-3_D09,D4P3,D12,Ala,1303.60343,1303.5508826666667,5,1303.5,1303.56880667,1303.57650667,1303.5682,1303.5409
C1-A10-RX4-3_D08,D2P4,E03,NA,NA,991.4550999999999,2,991.4136,991.4966
C1-A10-SL2-1_C09,D2P5,A12,NA,NA,991.3203933333332,2,991.270493333,991.370293333
C1-A10-RX2-1_F10,D2P3,G01,NA,NA,991.3252866666666,1,991.325286667
C1-A10-RX1-1_E06,D4P3,B10,Xle,1345.65038,1345.5877477777778,6,1345.59998667,1345.49678667,1345.59380667,1345.60750667,1345.6176,1345.6108
C1-A10-RX2-1_F12,D2P3,G02,Gly,1289.58778,1289.5270866666667,2,1289.57038667,1289.48378667
C1-A10-RX4-3_B10,D2P4,D11,NA,NA,991.4178999999999,2,991.3358,991.5
C4-A10-SL4-3_A04,D4P3,B02,Ala,1303.60343,1303.5918477777777,6,1303.58538667,1303.50308667,1303.63490667,1303.58140667,1303.6494,1303.5969
C4-A10-SL4-3_A06,D4P3,B03,Gln,1360.6249,1360.5889144444445,6,1360.59058667,1360.51318667,1360.61720667,1360.58970667,1360.635,1360.5878
C1-A10-SL2-3_H02,D4P3,G01,NA,NA,1324.2434386666666,5,1319.36149333,1319.54999333,1319.43190667,1331.4485,1331.4253
C4-A10-RX2-2_D11,D3P1,B01,Gly,1289.58778,1289.53,2,1289.472,1289.588
C4-A10-RX2-2_H04,D3P1,B10,NA,NA,991.3058,1,991.3058
C1-A10-RX3-3_D03,D3P3,C02,NA,NA,991.3619433333333,2,991.363493333,991.360393333
C1-A10-SL3-2_E08,D3P3,D11,NA,NA,991.3425933333333,2,991.290193333,991.394993333
C1-A10-SL1-1_G12,D4P3,E08,Thr,1333.614,1333.5688355555556,6,1333.4946,1333.6445,1333.56850667,1333.54220667,1333.5934,1333.5698
C4-A10-RX4-3_B01,D4P4,D05,Ala,1303.60343,1303.556831111111,6,1303.60828667,1303.49058667,1303.56240667,1303.53340667,1303.5953,1303.551
C4-A10-RX1-1_C12,D4P2,B09,Xle,1345.65038,1345.5970655555554,6,1345.72064667,1345.64414667,1345.4178,1345.5557,1345.6997,1345.5444
C1-A10-SL2-3_F05,D2P5,C08,NA,NA,991.3653433333333,2,991.320493333,991.410193333
C1-A10-SL2-3_F02,D2P5,C07,NA,NA,991.4101933333333,1,991.410193333
C1-A10-RX1-2_G07,D2P3,D05,NA,NA,991.4316866666666,2,991.482486667,991.380886667
C1-A10-RX1-2_C10,D2P3,D03,NA,NA,991.4499366666666,2,991.482486667,991.417386667
C4-A10-SL4-3_B03,D4P3,B05,Ser,1319.59835,1319.559781111111,6,1319.59998667,1319.48048667,1319.59460667,1319.53110667,1319.6042,1319.5483
C4-A10-SL4-3_B07,D4P3,B06,Gly,1289.58778,1289.52772,5,1289.43578667,1289.56860667,1289.51610667,1289.5823,1289.5358
C4-A10-RX3-1_D07,D1P1,C10,NA,NA,991.3914733333331,2,991.325073333,991.457873333
C4-A10-RX4-2_H12,D4P4,D02,Gly,1289.58778,1289.5694855555555,6,1289.4636,1289.6125,1289.59140667,1289.58190667,1289.6055,1289.562
C4-A10-SL4-1_D12,D1P2,F08,NA,NA,991.4235733333333,2,991.378173333,991.468973333
C4-A10-SL4-1_C06,D1P2,F04,NA,NA,991.4300733333332,2,991.363773333,991.496373333
C4-A10-RX1-1_D02,D2P1,B05,NA,NA,991.3452466666666,1,991.345246667
C1-A10-RX3-3_D12,D3P3,C06,NA,NA,991.3653433333333,2,991.320493333,991.410193333
C4-A10-SL4-1_C08,D1P2,F05,NA,NA,991.4200233333332,2,991.349073333,991.490973333
C4-A10-RX3-3_D07,D4P2,G12,Val,1331.63473,1331.5815822222223,6,1331.73864667,1331.72154667,1331.4517,1331.6122,1331.5472,1331.4182
C1-A10-RX3-2_G09,D3P3,A09,NA,NA,991.3203933333332,2,991.270493333,991.370293333
C4-A10-RX3-3_D03,D2P2,C10,NA,NA,0,NA,NA,NA,NA,NA
C4-A10-RX3-3_D02,D2P2,C09,NA,NA,991.3992966666667,2,991.417146667,991.381446667
C4-A10-RX2-2_D10,D4P3,G05,Gly,1289.58778,1289.4853855555555,6,1289.3417,1289.4664,1289.54250667,1289.50540667,1289.5515,1289.5048
C1-A10-RX3-2_G01,D3P3,A05,NA,NA,991.3362433333332,2,991.288293333,991.384193333
C1-A10-RX3-2_G02,D3P3,A06,Gly,1289.58778,1289.4280433333333,2,1289.37159333,1289.48449333
C1-A10-RX3-3_C11,D3P3,C01,NA,NA,991.3603933333333,1,991.360393333
C1-A10-RX3-2_G04,D3P3,A07,NA,NA,991.3321433333333,2,991.285893333,991.378393333
C1-A10-SL4-1_E01,D3P3,G02,NA,NA,991.4426933333332,2,991.400693333,991.484693333
C1-A10-RX3-2_G06,D3P3,A08,NA,NA,991.3155433333333,2,991.265193333,991.365893333
C1-A10-RX3-3_D06,D3P3,C03,NA,NA,991.3619433333333,2,991.363493333,991.360393333
C4-A10-RX1-2_A08,D4P2,C08,Ser,1319.59835,1319.5820155555555,6,1319.71074667,1319.66994667,1319.4031,1319.5587,1319.6639,1319.4857
C4-A10-RX3-1_A09,D1P1,C01,Val,1331.63473,1331.6920233333333,2,1331.62387333,1331.76017333
C4-A10-RX2-3_F06,D3P1,D02,NA,NA,991.4364,2,991.3922,991.4806
C4-A10-RX3-1_A04,D1P1,B12,NA,NA,0,NA,NA,NA,NA,NA
C1-A10-SL4-1_F05,D3P3,G04,NA,NA,991.4275933333332,2,991.379893333,991.475293333
C4-A10-RX3-1_A02,D4P1,B04,Val,1331.63473,1331.623207777778,6,1331.59127333,1331.73637333,1331.4778,1331.5822,1331.7759,1331.5757
C4-A10-RX3-1_A03,D4P1,B05,Ser,1319.59835,1319.571857777778,6,1319.56417333,1319.69227333,1319.4181,1319.5483,1319.7023,1319.506
C4-A10-SL2-1_C03,D1P1,F01,Val,1331.63473,1331.8276733333332,1,1331.82767333
C4-A10-SL2-1_C06,D4P1,C12,Ser,1319.59835,1319.5631077777778,6,1319.65007333,1319.77517333,1319.3824,1319.4958,1319.6252,1319.45
C4-A10-SL2-1_C07,D1P1,F03,NA,NA,991.3737733333332,1,991.373773333
C1-A10-RX4-1_B09,D2P4,A07,NA,NA,991.3775,2,991.3279,991.4271
C4-A10-RX1-1_A04,D4P2,B02,Val,1331.63473,1331.6408322222221,6,1331.71584667,1331.64354667,1331.5028,1331.6096,1331.7928,1331.5804
C4-A10-SL2-2_F10,D4P1,E03,Ser,1319.59835,1319.6026244444445,6,1319.64227333,1319.77707333,1319.4673,1319.6071,1319.6464,1319.4756
C4-A10-RX1-1_A02,D2P1,A02,Gly,1289.58778,1289.6307966666668,2,1289.66684667,1289.59474667
C4-A10-RX1-1_A03,D4P2,B01,Ala,1303.60343,1303.6082822222222,6,1303.69474667,1303.61174667,1303.4797,1303.5502,1303.7646,1303.5487
C4-A10-RX1-1_A01,D4P2,A12,Val,1331.63473,1331.5403893333332,5,1331.62474667,1331.3722,1331.4821,1331.6908,1331.5321
C4-A10-SL3-1_D12,D4P1,G01,Thr,1333.614,1333.4369433333334,4,1333.70207333,1333.2957,1333.4753,1333.2747
C1-A10-RX3-2_F06,D3P2,H12,NA,NA,991.3167866666665,1,991.316786667
C1-A10-RX3-2_H10,D3P3,B02,NA,NA,991.3846433333332,2,991.341693333,991.427593333
C4-A10-RX1-1_A08,D4P2,B03,Gly,1289.58778,1289.5608893333333,5,1289.57324667,1289.4279,1289.5347,1289.7312,1289.5374
C4-A10-RX1-1_A09,D4P2,B04,Ala,1303.60343,1303.5895488888889,6,1303.69474667,1303.63754667,1303.4281,1303.5436,1303.7179,1303.5154
C1-A10-RX2-1_B06,D2P3,F02,Gly,1289.58778,1289.5431866666668,2,1289.57848667,1289.50788667
C4-A10-RX3-2_B02,D4P2,F07,Val,1331.63473,1331.5697655555553,6,1331.64744667,1331.54474667,1331.5045,1331.6405,1331.6356,1331.4458
C4-A10-RX3-2_B03,D2P1,H05,Val,1331.63473,1331.6246466666666,2,1331.65454667,1331.59474667
C4-A10-RX3-2_B07,D4P2,F08,Val,1331.63473,1331.5748822222222,6,1331.65514667,1331.62474667,1331.476,1331.6255,1331.6378,1331.4301
C4-A10-RX3-2_B09,D4P2,F09,Val,1331.63473,1331.5634493333332,5,1331.65944667,1331.4714,1331.6205,1331.631,1331.4349
C4-A10-SL3-3_C10,D4P1,H03,Ser,1319.59835,1319.5760077777777,6,1319.59537333,1319.73717333,1319.5032,1319.6293,1319.5863,1319.4047
C4-A10-RX3-1_F12,D4P1,C05,Val,1331.63473,1331.620591111111,6,1331.62377333,1331.78017333,1331.4572,1331.5858,1331.7258,1331.5508
C1-A10-RX2-2_C01,D2P3,G12,NA,NA,991.3663366666666,2,991.410286667,991.322386667
C1-A10-RX4-1_G07,D2P4,B06,Gly,1289.58778,1289.4598999999998,2,1289.4198,1289.5
C4-A10-SL1-2_C10,D2P2,G09,NA,NA,991.3888466666666,1,991.388846667
C4-A10-RX3-2_F12,D2P2,A11,Val,1331.63473,1331.7378466666667,2,1331.77024667,1331.70544667
C4-A10-RX2-1_D11,D1P1,A06,NA,NA,991.3906733333332,1,991.390673333
C1-A10-SL4-2_G03,D4P4,H08,NA,NA,991.4138413333333,5,991.395893333,991.437706667,991.398406667,991.4322,991.405
C1-A10-SL4-3_C11,D3P3,H08,NA,NA,991.4269933333333,2,991.375193333,991.478793333
C4-A10-RX1-1_G12,D2P1,C06,NA,NA,991.3891966666666,2,991.383646667,991.394746667
C1-A10-SL4-2_C11,D4P4,H06,Phe,1379.63473,1379.5388,6,1379.42549333,1379.58459333,1379.55790667,1379.51770667,1379.6002,1379.5469
C1-A10-RX4-1_A04,D2P4,A03,Gly,1289.58778,1289.50305,2,1289.4508,1289.5553
C4-A10-RX4-3_F06,D3P2,B12,NA,NA,991.3903866666666,2,991.435486667,991.345286667
C4-A10-RX4-3_F04,D4P4,E03,Val,1331.63473,1331.581916,5,1331.57138667,1331.49568667,1331.61510667,1331.6262,1331.6012
C1-A10-SL1-1_E05,D4P3,E06,Glu,1361.60891,1361.5628022222224,6,1361.5188,1361.6572,1361.55550667,1361.54390667,1361.5688,1361.5326
C1-A10-SL1-1_E02,D2P4,G05,NA,NA,991.4592,2,991.4041,991.5143
C4-A10-SL2-3_G09,D4P1,F08,Ser,1319.59835,1319.5501244444442,6,1319.55747333,1319.70037333,1319.4546,1319.5759,1319.588,1319.4244
C4-A10-RX3-2_A09,D4P2,F04,Val,1331.63473,1331.6114493333332,5,1331.73764667,1331.5177,1331.6464,1331.6714,1331.4841
C4-A10-RX3-1_H09,D4P1,C07,Val,1331.63473,1331.6445093333334,5,1331.65817333,1331.78997333,1331.473,1331.5886,1331.7128
C4-A10-RX3-1_H08,D1P1,E05,Val,1331.63473,1331.6996233333334,2,1331.63107333,1331.76817333
C1-A10-RX3-1_C05,D3P2,E03,NA,NA,991.3937866666666,1,991.393786667
C1-A10-RX2-1_C02,D4P3,C07,Gln,1360.6249,1360.5715144444446,6,1360.60078667,1360.51038667,1360.57730667,1360.55440667,1360.6145,1360.5717
C4-A10-SL2-3_G02,D4P1,F07,Gly,1289.58778,1289.5321077777778,6,1289.53037333,1289.66667333,1289.4397,1289.5751,1289.5682,1289.4126
C4-A10-RX3-2_A07,D4P2,F03,Val,1331.63473,1331.6223655555555,6,1331.72494667,1331.67924667,1331.5271,1331.6688,1331.6655,1331.4686
C4-A10-RX2-1_C03,D4P1,A04,Val,1331.63473,1331.6263546666664,5,1331.70157333,1331.4623,1331.5768,1331.7893,1331.6018
C1-A10-RX4-2_D01,D4P3,D08,Ala,1303.60343,1303.552168888889,6,1303.4724,1303.5944,1303.55580667,1303.54380667,1303.5853,1303.5613
C1-A10-RX4-2_D02,D2P4,C06,NA,NA,991.399,2,991.3571,991.4409
C1-A10-RX4-2_D05,D4P3,D09,Tyr,1395.62965,1395.5800522222223,6,1395.4757,1395.6198,1395.59910667,1395.57530667,1395.6129,1395.5975
C1-A10-RX2-1_H04,D2P3,G05,NA,NA,0,NA,NA,NA,NA,NA
C4-A10-RX2-3_E05,D4P3,H05,Val,1331.63473,1331.5645013333333,5,1331.4669,1331.5879,1331.57630667,1331.6036,1331.5878
C4-A10-RX1-3_F11,D4P2,E10,Ser,1319.59835,1319.539398888889,6,1319.61694667,1319.59564667,1319.4353,1319.5721,1319.59,1319.4264
C4-A10-SL2-3_A05,D4P1,E09,Gln,1360.6249,1360.5574746666668,5,1360.68847333,1360.4321,1360.5986,1360.6296,1360.4386
C4-A10-SL3-2_H07,D1P2,D04,NA,NA,991.3948233333332,2,991.340973333,991.448673333
C4-A10-RX2-3_E11,D4P3,H07,Gly,1289.58778,1289.4880516666667,4,1289.3839,1289.52470667,1289.5365,1289.5071
C4-A10-SL3-2_H08,D4P1,G10,Ser,1319.59835,1319.553357777778,6,1319.59417333,1319.74757333,1319.4507,1319.5787,1319.5569,1319.3921
C1-A10-SL1-1_F11,D4P3,E07,Thr,1333.614,1333.5573413333334,5,1333.5081,1333.6,1333.53970667,1333.5914,1333.5475
C1-A10-RX3-1_E01,D4P4,F04,Gly,1289.58778,1289.5130159999999,5,1289.49998667,1289.42288667,1289.54800667,1289.5645,1289.5297
C4-A10-SL2-3_A01,D4P1,E08,NA,NA,1332.3696146666666,5,1333.71937333,1331.4556,1333.608,1331.6151,1331.45
C1-A10-SL4-3_D02,D4P4,H10,Phe,1379.63473,1379.5715,6,1379.47559333,1379.63759333,1379.60800667,1379.53830667,1379.5842,1379.5853
C1-A10-RX3-1_C10,D3P2,E04,NA,NA,991.4038866666666,2,991.432386667,991.375386667
C4-A10-SL2-3_D01,D1P2,A10,NA,NA,0,NA,NA,NA,NA,NA
C4-A10-SL1-2_D01,D4P3,A04,Ser,1319.59835,1319.6101844444445,6,1319.68704667,1319.67474667,1319.59020667,1319.54790667,1319.5938,1319.5674
C1-A10-SL3-3_H09,D3P3,F04,NA,NA,991.4084933333332,2,991.362693333,991.454293333
C4-A10-SL2-3_D05,D1P2,A11,NA,NA,0,NA,NA,NA,NA,NA
C4-A10-SL1-2_D08,D2P2,H01,NA,NA,991.3947466666666,1,991.394746667
C1-A10-SL3-3_C12,D3P3,E09,NA,NA,991.3894933333332,2,991.336993333,991.441993333
C1-A10-RX2-3_H08,D2P3,H12,NA,NA,991.3645866666666,1,991.364586667
C1-A10-SL4-1_F09,D3P3,G05,NA,NA,991.4275933333332,2,991.379893333,991.475293333
C4-A10-RX4-3_C02,D4P4,D07,Val,1331.63473,1331.5862644444444,6,1331.58448667,1331.52318667,1331.59510667,1331.59240667,1331.6289,1331.5935
C4-A10-RX1-2_G06,D4P2,D06,Ser,1319.59835,1319.5941822222223,6,1319.72814667,1319.68264667,1319.4453,1319.5723,1319.6573,1319.4794
C1-A10-RX2-3_H06,D2P3,H11,NA,NA,991.3176866666665,1,991.317686667
C1-A10-SL4-1_H05,D3P3,G07,NA,NA,991.4275933333332,2,991.379893333,991.475293333
C4-A10-RX3-1_B07,D4P1,B07,Val,1331.63473,1331.6013744444444,6,1331.60117333,1331.73887333,1331.4358,1331.5646,1331.7186,1331.5492
C4-A10-RX1-2_D05,D4P2,D01,Phe,1379.63473,1379.6329155555557,6,1379.71264667,1379.64604667,1379.5021,1379.6213,1379.7542,1379.5612
C4-A10-RX3-1_B05,D1P1,C04,NA,NA,991.3912233333333,2,991.331173333,991.451273333
C4-A10-SL1-3_B01,D4P3,A10,Ala,1303.60343,1303.5472811111113,6,1303.68458667,1303.34528667,1303.55410667,1303.56760667,1303.5609,1303.5712
C4-A10-RX1-2_D02,D2P1,D04,Gly,1289.58778,1289.5837966666668,2,1289.61364667,1289.55394667
C1-A10-SL4-1_C09,D4P4,H01,Arg,1388.66743,1388.5971786666667,5,1388.45909333,1388.59879333,1388.64210667,1388.6586,1388.6273
C4-A10-SL2-1_D03,D1P1,F04,Val,1331.63473,1331.7255733333334,2,1331.65287333,1331.79827333
C1-A10-RX3-1_A03,D3P2,D03,NA,NA,991.4499366666666,2,991.482486667,991.417386667
C1-A10-RX3-1_A02,D3P2,D02,NA,NA,991.4499366666666,2,991.482486667,991.417386667
C4-A10-SL2-2_D06,D4P1,D12,Phe,1379.63473,1379.5542146666667,5,1379.72207333,1379.3964,1379.5779,1379.6271,1379.4476
C1-A10-RX3-1_A04,D3P2,D04,NA,NA,991.4316866666666,2,991.482486667,991.380886667
C4-A10-SL3-1_H06,D4P1,G03,Thr,1333.614,1333.6081911111112,6,1333.58767333,1333.75917333,1333.5134,1333.6584,1333.642,1333.4885
C4-A10-SL3-1_F06,D4P1,G02,Gly,1289.58778,1289.5706244444445,6,1289.55947333,1289.67017333,1289.5188,1289.6167,1289.6183,1289.4403
C1-A10-RX4-1_B04,D4P3,D05,Ser,1319.59835,1319.5378688888889,6,1319.4202,1319.55,1319.57400667,1319.55580667,1319.5876,1319.5396
C1-A10-SL3-1_A12,D3P3,D05,NA,NA,991.3807933333333,2,991.325393333,991.436193333
C4-A10-RX4-2_D04,D3P1,G10,Val,1331.63473,1331.5913,2,1331.517,1331.6656
C1-A10-SL1-2_A08,D4P3,E09,Phe,1379.63473,1379.580902222222,6,1379.4731,1379.6473,1379.59280667,1379.59270667,1379.6055,1379.574
C4-A10-RX4-2_D02,D4P4,C05,Val,1331.63473,1331.6037355555557,6,1331.5276,1331.6685,1331.61250667,1331.57530667,1331.6444,1331.5941
C1-A10-RX2-2_E04,D4P3,D01,Gln,1360.6249,1360.484836,5,1360.60468667,1360.48878667,1360.46080667,1360.4502,1360.4197
C4-A10-SL2-1_F10,D4P1,D02,Xle,1345.65038,1345.6784493333332,5,1345.67337333,1345.84017333,1345.5087,1345.6342,1345.7358
C1-A10-RX2-2_E02,D4P3,C12,Gly,1289.58778,1289.5306977777777,6,1289.53168667,1289.46408667,1289.56050667,1289.54320667,1289.556,1289.5287
C4-A10-SL1-1_G10,D2P2,G02,NA,NA,991.3274966666665,2,991.344946667,991.310046667
C1-A10-RX1-3_G02,D2P3,E07,NA,NA,991.3480866666666,1,991.348086667
C4-A10-SL1-1_D08,D2P2,F06,Val,1331.63473,1331.6527966666667,2,1331.69474667,1331.61084667
C4-A10-RX4-2_G12,D3P1,H09,NA,NA,991.4071,1,991.4071
C1-A10-RX4-1_D03,D4P3,D06,Ala,1303.60343,1303.5087022222222,6,1303.3546,1303.4952,1303.56240667,1303.52710667,1303.576,1303.5369
C1-A10-RX3-1_D09,D3P2,E10,Gly,1289.58778,1289.4999866666667,1,1289.49998667
C4-A10-SL1-1_B04,D4P2,H06,Thr,1333.614,1333.5800988888889,6,1333.69654667,1333.69444667,1333.5055,1333.6521,1333.557,1333.375
C1-A10-RX1-3_G04,D2P3,E08,NA,NA,991.3826366666666,2,991.417186667,991.348086667
C4-A10-SL1-1_D02,D2P2,F04,Gly,1289.58778,1289.5725466666668,2,1289.59644667,1289.54864667
C1-A10-RX3-1_D06,D3P2,E07,NA,NA,991.3826366666666,2,991.417186667,991.348086667
C1-A10-RX3-1_D07,D3P2,E08,NA,NA,991.3826366666666,2,991.417186667,991.348086667
C4-A10-SL1-1_D06,D2P2,F05,NA,NA,991.3304466666666,2,991.349146667,991.311746667
C1-A10-RX3-1_D01,D4P4,F02,Thr,1333.614,1333.562476,5,1333.59998667,1333.46938667,1333.57370667,1333.5887,1333.5806
C1-A10-RX3-1_D02,D3P2,E06,NA,NA,991.3826366666666,2,991.417186667,991.348086667
C4-A10-RX4-1_D09,D4P4,A08,Val,1331.63473,1331.6101188888888,6,1331.5376,1331.6584,1331.63060667,1331.61830667,1331.62,1331.5958
C4-A10-RX4-3_B06,D3P2,A07,Gly,1289.58778,1289.4770866666668,1,1289.47708667
C4-A10-SL3-1_A02,D4P1,F10,Gly,1289.58778,1289.5208946666667,5,1289.67547333,1289.4237,1289.5596,1289.5515,1289.3942
C4-A10-RX4-1_D02,D4P4,A06,Ser,1319.59835,1319.563018888889,6,1319.4916,1319.64,1319.57970667,1319.53590667,1319.5861,1319.5448
C4-A10-RX4-1_D03,D3P1,E05,Gly,1289.58778,1289.53565,2,1289.4774,1289.5939
C4-A10-RX4-3_B09,D4P4,D06,Val,1331.63473,1331.583947777778,6,1331.62128667,1331.52158667,1331.61060667,1331.56690667,1331.6058,1331.5775
C4-A10-RX4-1_D04,D4P4,A07,Gly,1289.58778,1289.5488855555557,6,1289.4825,1289.6057,1289.56950667,1289.52880667,1289.5759,1289.5309
C4-A10-SL4-2_B03,D1P2,G11,NA,NA,991.4323733333332,2,991.385873333,991.478873333
C4-A10-SL2-2_C09,D4P1,D11,Ser,1319.59835,1319.5216146666667,5,1319.64347333,1319.3856,1319.5471,1319.5911,1319.4408
C4-A10-SL4-2_B05,D1P2,G12,NA,NA,991.4927733333333,1,991.492773333
C4-A10-SL2-2_C05,D1P1,G07,NA,NA,991.3698733333332,1,991.369873333
C4-A10-SL2-2_C04,D4P1,D10,Glu,1361.60891,1361.5348146666665,5,1361.65977333,1361.4063,1361.5566,1361.6117,1361.4397
C4-A10-SL4-2_B08,D4P2,A05,Ala,1303.60343,1303.5367250000002,4,1303.4037,1303.5084,1303.7162,1303.5186
C4-A10-SL2-2_F11,D4P1,E04,Asn,1346.60925,1346.6083244444444,6,1346.65897333,1346.81127333,1346.4717,1346.6001,1346.6531,1346.4548
C4-A10-SL1-2_C12,D4P3,A03,Gly,1289.58778,1289.6058844444444,6,1289.67334667,1289.64964667,1289.59950667,1289.54880667,1289.5995,1289.5645
C4-A10-RX3-3_C09,D2P2,C06,Val,1331.63473,1331.6640966666666,2,1331.68884667,1331.63934667
C4-A10-RX1-1_A05,D2P1,A05,NA,NA,991.3660966666666,2,991.399346667,991.332846667
C4-A10-SL2-3_A09,D1P2,A01,NA,NA,991.3780733333333,2,991.342173333,991.413973333
C4-A10-RX3-3_C01,D4P2,G09,Val,1331.63473,1331.5889655555554,6,1331.69784667,1331.62724667,1331.4956,1331.6338,1331.6273,1331.452
C4-A10-RX3-3_C03,D2P2,C03,Val,1331.63473,1331.6468466666665,2,1331.67064667,1331.62304667
C1-A10-SL4-3_F11,D4P4,H11,Ala,1303.60343,1303.5383833333333,6,1303.46109333,1303.59879333,1303.54310667,1303.51090667,1303.5731,1303.5433
C4-A10-RX3-3_C05,D2P2,C04,Val,1331.63473,1331.6568466666668,2,1331.68744667,1331.62624667
C1-A10-RX2-1_H03,D2P3,G04,NA,NA,0,NA,NA,NA,NA,NA
C4-A10-RX3-3_C07,D2P2,C05,NA,NA,991.3575466666666,2,991.382146667,991.332946667
C4-A10-SL1-1_C05,D2P2,F02,NA,NA,991.3301966666666,2,991.348546667,991.311846667
C1-A10-SL2-1_D09,D4P3,F05,Thr,1333.614,1333.5464586666665,5,1333.45179333,1333.55659333,1333.56580667,1333.5956,1333.5625
C1-A10-RX1-1_H11,D4P3,B11,Gly,1289.58778,1289.535647777778,6,1289.53548667,1289.47268667,1289.55820667,1289.53940667,1289.5627,1289.5454
C4-A10-RX4-3_A10,D3P2,A03,Val,1331.63473,1331.6245366666667,2,1331.69138667,1331.55768667
C4-A10-RX4-3_A11,D3P2,A04,Gly,1289.58778,1289.5499866666667,2,1289.59998667,1289.49998667
C4-A10-RX2-1_F06,D1P1,A11,Gly,1289.58778,1289.6561733333333,1,1289.65617333
C1-A10-RX4-2_G02,D2P4,D02,NA,NA,991.3983,1,991.3983
C1-A10-SL3-3_E04,D3P3,E11,NA,NA,991.3894933333332,2,991.336993333,991.441993333
C4-A10-SL1-1_C09,D2P2,F03,Val,1331.63473,1331.6417466666667,2,1331.66434667,1331.61914667
C1-A10-RX4-2_G06,D2P4,D03,NA,NA,991.4367500000001,2,991.3929,991.4806
C4-A10-RX4-1_C06,D3P1,E01,Val,1331.63473,1331.63285,2,1331.5603,1331.7054
C4-A10-RX4-1_C02,D4P4,A04,Ser,1319.59835,1319.5313022222224,6,1319.3866,1319.5,1319.59290667,1319.54440667,1319.6115,1319.5524
C1-A10-RX4-3_A05,D2P4,D07,NA,NA,1140.45585,2,1289.4495,991.4622
C1-A10-RX4-3_A06,D2P4,D08,NA,NA,991.4318499999999,2,991.3637,991.5
C4-A10-RX4-1_C09,D3P1,E02,Val,1331.63473,1331.6230500000001,2,1331.5443,1331.7018
C4-A10-RX1-3_A02,D4P2,D11,Glu,1361.60891,1361.5467822222222,6,1361.68014667,1361.62474667,1361.4,1361.5345,1361.6056,1361.4357
C1-A10-RX4-3_A02,D4P3,D10,Gly,1289.58778,1289.5420355555555,6,1289.4512,1289.5936,1289.55660667,1289.55690667,1289.564,1289.5299
C1-A10-RX1-1_F10,D2P3,C04,NA,NA,991.4299866666665,2,991.465286667,991.394686667
