Sample,ScreeningPlate,ScreeningWell,Average,StandardDeviation,Samples,Data
C1-A10-RX3-1_G07,D4P4,F08,1.9979905234698432,3.709349506248027,5,8.68918145392,-2.62974815639,2.19623131904,0.791512293702,0.942775707082
C1-A10-RX3-1_H12,D4P4,F09,4.306512758491619,3.3896821506965877,5,10.440755581,0.166968136914,3.79467186485,4.37857864601,2.75158956369
C4-A10-SL4-1_G08,D4P2,A01,-0.5635760203891601,1.035802618861775,5,1.35957792208,-1.30509444762,-0.298895386615,-1.2798922196,-1.29357597018
C4-A10-SL3-2_A10,D4P1,G06,15.19831680929878,5.155447738689418,5,18.557224026,11.9175729823,14.7498375569,22.8191310205,7.94781846086
C4-A10-SL3-2_A12,D4P1,G07,-0.7593086440565073,1.4836261550566257,5,2.02922077922,-0.686891814539,-1.19558154646,-2.189289323,-1.7540013155
C1-A10-SL3-3_F09,D4P4,G12,16.421302828664544,4.233263126496595,5,13.1904828162,15.2358424934,21.5724496426,21.1013809363,11.0063582548
C1-A10-RX2-1_E02,D4P3,C08,2.7034187506732055,2.0087995738321065,5,4.8425872925,-0.459162376513,4.57439896036,1.347254968,3.21201490901
C1-A10-RX2-1_E04,D4P3,C09,13.235648006620755,6.199554507885735,5,11.4024041214,3.92375121748,10.8122157245,18.5752778713,21.4645910984
C4-A10-RX2-1_E12,D4P1,A07,1.9494579516808888,1.6614806782130072,5,3.52069805195,-0.686891814539,0.948667966212,3.77231391041,2.19250164438
C4-A10-RX2-1_E10,D4P1,A06,56.96514814325781,13.063536235258063,5,52.3741883117,52.8906697195,57.5958414555,80.7679353318,41.1971058978
C1-A10-SL2-2_A09,D4P3,F07,-0.9982460113331809,1.4569055424066715,6,1.51176948052,-0.309101316543,-2.04535967719,-0.883690708252,-3.19973054901,-1.06336329752
C1-A10-SL1-3_D05,D4P3,F01,48.648179959810044,7.526678863356109,6,42.2991071429,54.848311391,47.7946291916,36.8940870695,59.5486695857,50.5042753782
C1-A10-SL1-3_D07,D4P3,F02,1.550177045177284,3.701394336573372,6,2.82061688312,6.86891814539,4.96730207319,-0.0259909031839,-3.80599528461,-1.52378864284
C4-A10-RX2-3_C10,D4P3,H03,39.69770761523576,11.629845620221426,5,22.2098214286,37.8477389811,48.97985705,55.4563826204,33.9947379961
C1-A10-RX2-1_B04,D4P3,C06,2.86249785387055,1.1805016358489488,5,3.53749284488,1.71142340337,4.76933073424,2.66082856181,1.63341372506
C4-A10-RX4-1_H08,D4P4,B08,30.150435681537562,10.862692735236942,5,14.1741071429,32.1121923297,35.6465237167,45.9077130347,22.9116421837
C4-A10-SL4-2_A10,D4P2,A04,7.331538913002726,3.1624783202987743,5,7.96469155844,4.12135088724,8.35607537362,12.4115863927,3.80399035299
C1-A10-RX1-3_B04,D4P3,C03,3.983837192106128,2.6788849084536928,5,8.03663423011,-0.375678308056,4.45743989604,4.22701246211,3.57377768033
C1-A10-RX3-1_F08,D4P4,F07,14.278706713955842,7.048608208492666,5,23.8008013738,3.29762070405,15.5685510071,18.5752778713,10.1512826135
C4-A10-SL3-2_B02,D4P1,G08,5.541541462986703,2.4232085474242004,5,7.17329545455,3.5718374356,6.91358024691,8.21825530482,1.83073887305
C4-A10-RX2-3_G07,D4P3,H10,6.8027540723861195,1.5358345411842556,5,4.31209415584,6.97195191757,9.05782975958,6.34893903671,7.32295549222
C4-A10-SL2-2_E11,D4P1,E02,20.00313126998576,2.543062557992991,5,20.5661525974,17.6531196337,19.9740090968,24.4358369821,17.3865380399
C4-A10-SL4-3_A11,D4P3,B04,16.524698232442503,4.8487559727254945,5,14.1156267888,15.3193265618,15.7244964263,25.7999326373,11.6641087481
C1-A10-RX2-1_F08,D4P3,C10,5.580797020078224,1.9188092659120188,5,7.86491127647,5.50994851816,7.61533463288,3.57022566521,3.34356500767
C4-A10-SL4-2_E03,D4P2,A09,4.9179231731792905,3.053767961908987,5,8.42126623377,2.5414997138,2.62508122157,8.87504210172,2.12672659504
C1-A10-SL2-2_H12,D4P3,F10,-0.3269636654703335,1.5732360993407615,6,2.94237012987,-0.618202633085,-0.876582718798,-1.31254061079,-1.9872010778,-0.109625082219
C1-A10-SL3-2_H12,D4P4,G10,-0.7465300695584658,1.526356099306791,5,-1.62793933491,-2.67149019062,1.88434048083,-0.319973054901,-0.997588248191
C4-A10-RX4-2_A08,D4P4,B11,15.183548004967301,3.6910573517757244,5,11.130275974,17.0692615913,16.3482781027,20.4951162007,10.8748081561
C4-A10-RX1-3_E05,D4P2,E07,92.85225859377337,28.647134072168505,5,94.5921266234,65.8729250143,105.081221572,138.969349949,59.7456698093
C1-A10-SL1-1_C10,D4P3,E04,14.323569340556185,2.5824078650359197,5,17.3096737264,10.9781550021,17.0890188434,14.2809026608,11.9600964701
C4-A10-RX1-3_E01,D4P2,E06,23.194719751451792,10.016388186532383,5,23.3969155844,12.0892959359,25.6270305393,40.400808353,14.4595483447
C1-A10-RX2-2_H09,D4P3,D03,1.8930483826413629,1.5620429060195464,5,3.40011448197,0.208710171142,3.79467186485,0.0336813742001,2.02806402105
C4-A10-RX4-3_A12,D4P4,D04,47.03759793059143,12.42833486686732,5,54.1270749857,32.3918185613,62.1182586095,54.4964634557,32.0543740408
C1-A10-RX2-2_H03,D4P3,D02,0.6597712519943342,2.7609969380771258,5,3.50314825415,-0.667872547655,3.91163092917,-3.50286291681,0.0548125411094
C1-A10-SL2-2_C12,D4P3,F09,0.14080818672392773,2.0231770463640997,6,1.72483766234,2.36977676016,-2.58800612217,2.00129954516,-2.2903334456,-0.372725279544
C4-A10-SL4-1_D06,D4P1,H10,-0.626654950809604,1.0467720518233687,5,1.11607142857,0.034344590727,-1.62443144899,-1.4314584035,-1.22780092085
C1-A10-SL4-1_E04,D4P4,H04,15.222769132074763,5.589327336436468,5,14.8601641853,18.449979129,23.4437946719,12.5631525766,6.79675509757
C4-A10-SL4-1_C12,D4P1,H09,-0.6444069119474213,1.2048309174687897,5,1.2987012987,-1.44247281053,-0.103963612736,-2.2398113843,-0.734488050866
C4-A10-RX4-3_C12,D4P4,D09,38.700427318905966,8.630497739985392,5,50.9330280481,32.517044664,46.5627030539,35.348602223,28.1407586056
C1-A10-SL3-1_D11,D4P4,G05,18.16444699244635,6.953600475408849,5,14.4010018088,17.7403645471,29.8375568551,20.040417649,8.80289410217
C4-A10-RX2-1_G04,D4P1,A09,56.73877089347267,12.44071648670324,5,54.3222402597,43.7206639954,58.6874593892,79.3533176154,47.6101732076
C4-A10-SL1-2_H07,D4P3,A09,1.4821326208110812,1.4881768172041399,5,4.31209415584,0.686891814539,0.792722547109,0.0842034355002,1.53475115106
C4-A10-RX1-3_F06,D4P2,E09,-2.162272568167464,0.9613735838578727,5,-0.314529220779,-2.6788780767,-2.17024041585,-2.64398787471,-3.0037272528
C4-A10-RX2-3_F11,D4P3,H09,17.278123184943855,4.27115966103201,5,10.0040584416,17.859187178,18.375568551,23.3243516335,16.8274501206
C4-A10-RX3-1_E02,D4P1,B12,41.204108870328845,7.726417618107615,5,42.5121753247,37.9507727533,33.7361923327,55.557426743,36.263977198
C4-A10-RX3-1_A12,D4P1,B06,-0.8925352486236727,1.583511179613572,5,1.66396103896,-1.88895248998,-3.0669265757,-0.370495116201,-0.800263100197
C4-A10-RX1-1_E03,D4P2,B12,-2.333205014556797,1.3203929855681933,5,-1.41030844156,-2.43846594161,-0.53281351527,-4.41226002021,-2.87217715413
C4-A10-RX1-1_E01,D4P2,B11,-2.1365938473276422,1.5704780906836557,5,-0.831980519481,-1.99198626216,-0.415854450942,-4.86695857191,-2.57618943214
C4-A10-SL3-1_H12,D4P1,G04,8.444980196826231,3.235813801484516,5,11.8303571429,8.07097882084,9.05782975958,10.7443583698,2.52137689103
C4-A10-RX3-1_F03,D4P1,C02,1.3822759380943757,2.01070337692675,5,4.09902597403,-0.858614768174,-0.766731643925,3.16604917481,1.27165095374
C4-A10-RX3-1_F05,D4P1,C03,4.43682316244651,2.9739289979090007,5,5.74269480519,1.51116199199,2.11825860949,9.63287302122,3.17912738435
C4-A10-RX3-1_F09,D4P1,C04,-1.2788324071058799,1.928810429352783,5,1.5726461039,-3.12535775615,-3.69070825211,-0.2189289323,-0.93181319886
C1-A10-SL4-2_D04,D4P4,H07,20.99437565486274,31.35787575024167,5,32.8509809378,77.5984416307,0.636777128005,-3.60390703941,-2.51041438281
C4-A10-RX3-3_F12,D4P2,H02,-0.4444615657433989,1.6187106043020338,4,2.02922077922,-1.37378362908,-0.142949967511,-2.2903334456
C4-A10-SL3-2_G08,D4P1,G09,9.257056935633965,3.06859853522648,5,11.5868506494,8.00228963938,8.86289798571,13.3715055574,4.46174084631
C4-A10-RX2-2_B12,D4P3,G03,-0.04842649493016431,1.6132713806149306,5,1.42045454545,1.47681740126,0.714749837557,-2.59346581341,-1.26068844552
C4-A10-RX4-2_H04,D4P4,C12,7.258950309557056,3.3258910936619213,5,1.87702922078,8.13966800229,11.9818063678,8.42034355002,5.87590440693
C1-A10-SL2-3_B11,D4P3,F11,0.6581865272570916,2.2077585830484296,6,3.79464285714,1.16771608472,2.21232781411,0.675763482781,-3.19973054901,-0.7016005262
C1-A10-SL1-1_A05,D4P3,E01,-1.7193352473743861,1.3006568757949635,5,-2.19805380653,-1.58619730068,-1.74139051332,-3.55338497811,0.482350361763
C4-A10-RX4-2_F07,D4P4,C10,4.277085447431866,1.4710994611833939,5,4.1599025974,6.45678305667,4.84730344379,4.02492421691,1.89651392239
C4-A10-SL1-1_H04,D4P3,A01,40.41429100819202,26.2595046079437,5,27.049512987,11.4710933028,19.8960363873,67.5311552711,76.1236570927
C1-A10-RX3-2_D04,D4P4,F10,-0.8573411446640999,3.000158154733422,5,4.70520892959,-3.54807290942,-0.454840805718,-3.30077467161,-1.68822626617
C4-A10-RX1-1_H05,D4P2,C06,29.8085280306029,9.731077944092748,6,25.8319805195,22.5300515169,37.5260887714,46.1728395062,30.0943078478,16.6959000219
C1-A10-RX1-2_A01,D4P3,B12,8.121302838288534,1.5955790682128592,5,7.31539782484,6.34478920273,6.99155295647,10.5927921859,9.36198202149
C4-A10-SL2-3_C06,D4P1,F02,-0.9807259342408787,1.1898575984073525,5,0.202922077922,-0.618202633085,0.168940870695,-1.7851128326,-2.87217715413
C4-A10-RX1-1_H08,D4P2,C07,15.73945063954755,6.697968892470279,5,13.5957792208,6.93760732685,24.6133853151,22.3139104075,11.2365709274
C1-A10-SL1-1_B10,D4P3,E03,0.032130562482208004,1.5401357165635243,5,0.652547223812,0.0417420342285,2.04028589994,-2.69450993601,0.120587590441
C4-A10-RX1-1_B08,D4P2,B05,3.0080135158264114,2.8388345873290106,5,6.01663961039,-0.549513451631,5.19818063678,4.68171101381,-0.306950230213
C4-A10-RX4-1_F11,D4P4,B06,21.418501563774768,7.324900756719665,5,11.1607142857,23.8351459645,25.3541260559,31.5594476255,15.1830738873
C1-A10-SL1-1_D07,D4P3,E05,2.8133331686202494,3.235494667171031,5,7.83056668575,-1.92013357451,3.95061728395,0.993600538902,3.21201490901
C1-A10-SL4-2_G08,D4P4,H09,34.6165465806824,8.126919155117703,5,31.0978155002,27.7584527619,39.5841455491,48.0801616706,26.5621574216
C1-A10-RX1-2_B01,D4P3,C02,4.3387062936197625,2.508221059614708,5,6.18202633085,0.500904410742,7.77128005198,4.12596833951,3.11335233501
C4-A10-RX1-2_C03,D4P2,C12,4.717837807931753,2.56961505692016,5,5.71225649351,1.33943903835,3.44379467186,9.02660828562,4.06709055032
C4-A10-RX3-1_C02,D4P1,B09,34.747765329222396,3.8095037047631197,5,36.3940746753,31.8374356039,37.7907732294,38.885146514,28.8313966235
C4-A10-RX4-2_C12,D4P4,C04,39.91886507211615,8.383259181026968,5,32.0413961039,41.2135088724,44.5743989604,52.3745368811,29.3904845429
C4-A10-SL4-3_D03,D4P3,B07,-1.5768401478839311,0.8083118161886182,5,-1.85460789926,-2.46278001948,-0.103963612736,-2.0377231391,-1.42512606884
C1-A10-RX1-3_D12,D4P3,C04,5.608075155957684,3.5077948076006202,5,5.35775615341,1.83664950605,3.91163092917,12.2094981475,4.72484104363
C4-A10-SL1-1_A05,D4P2,H03,-1.9697017406199218,1.3891533685592745,4,0.202922077922,-2.5414997138,-1.9363222872,-3.60390703941
C4-A10-SL2-3_H01,D4P1,F09,7.8464647037254975,3.712658512293667,5,8.42126623377,5.2203777905,7.96621182586,14.2809026608,3.34356500767
C4-A10-RX4-3_H09,D4P4,E10,0.5117022610128182,3.6972094817297765,5,6.25071551231,-3.08891053291,3.40480831709,-2.84607611991,-1.16202587152
C4-A10-RX2-3_G10,D4P3,H11,50.918403799288726,14.293550233782328,5,38.8595779221,45.9874069834,59.9740090968,74.0990232401,35.672001754
C4-A10-RX2-3_G11,D4P3,H12,53.23582704076049,10.601749667284512,5,48.8737824675,48.6662850601,63.9116309292,66.6217581677,38.1056785793
C4-A10-RX4-3_H02,D4P4,E07,0.1694678347410751,2.8583748600918533,5,4.60217515741,-3.63155697788,2.04028589994,-1.3304142809,-0.833150624863
C4-A10-RX4-3_H05,D4P4,E08,42.28713318172421,9.66536599574121,5,52.5472238122,27.9671629331,53.0344379467,42.0175143146,35.869326902
C4-A10-RX4-3_H07,D4P4,E09,21.06480843770012,6.209131994506918,5,23.526044648,11.1033811048,21.6504223522,30.1448299091,18.8993641745
C4-A10-RX1-2_F02,D4P2,D03,-0.34063241275413747,1.485895846548369,5,1.90746753247,-1.61419576417,-0.454840805718,0.639946109801,-2.18153913615
C4-A10-RX1-2_F03,D4P2,D04,-0.6609765312492446,1.815116537120529,5,1.05519480519,-2.09502003434,1.96231319038,-1.68406871,-2.54330190748
C4-A10-SL2-1_F08,D4P1,D01,19.719123542314176,5.866802652129925,5,21.5706168831,11.951917573,19.2332683561,29.5385651735,16.3012497259
C4-A10-RX1-2_F08,D4P2,D05,-0.3315738216088951,2.0674128557680045,5,0.629058441558,-1.40812821981,3.20987654321,-1.3809363422,-2.7077395308
C1-A10-RX2-2_A04,D4P3,C11,3.831061566575907,1.4688671978181693,5,3.5718374356,1.1687769584,4.18453541261,5.43954193331,4.79061609296
C4-A10-SL2-2_G04,D4P1,E05,0.5954883804643673,1.5675029714107653,5,2.85105519481,-0.171722953635,-1.62443144899,1.8019535197,0.120587590441
C4-A10-RX3-2_C12,D4P2,F11,16.988581336913807,17.782165403749623,5,52.1002435065,5.83858042358,10.383365822,12.1589760862,4.46174084631
C4-A10-SL1-3_B04,D4P3,A11,18.821913422285604,6.480719594173177,5,15.2833428735,14.5262279115,14.8278102664,31.5594476255,17.9127384346
C4-A10-RX3-2_H03,D4P2,G05,16.005675720785078,4.353354034203438,5,20.0487012987,14.9055523755,19.3112410656,17.7164028292,8.04648103486
C4-A10-RX4-2_E09,D4P4,C08,3.6679890318986543,1.7709197772972092,5,3.21631493506,6.25071551231,5.159194282,1.7514314584,1.96228897172
C4-A10-RX4-2_E04,D4P4,C07,41.21760162392129,9.870994089376714,5,29.4237012987,48.803663423,51.3580246914,47.473896935,29.0287217715
C4-A10-SL1-1_B08,D4P2,H07,2.45222447066594,2.6273527705064583,5,7.44724025974,0.721236405266,2.35217673814,1.7514314584,-0.0109625082219
C4-A10-SL2-3_E02,D4P1,F06,2.9428452313381355,1.3943635041711744,5,4.98173701299,2.81625643961,3.28784925276,3.01448299091,0.613900460425
C4-A10-RX3-2_G04,D4P2,G04,27.557655294907182,16.97262225364872,5,31.1586850649,24.7281053234,57.4788823912,17.3627484001,7.05985529489
C4-A10-SL2-3_E01,D4P1,F05,0.14344259427652628,1.5700847539316496,5,2.69886363636,-0.171722953635,1.02664067576,-1.2798922196,-1.55667616751
C4-A10-RX2-2_H12,D4P3,G11,3.171958698253452,1.4818450412825537,5,2.39448051948,4.63651974814,5.08122157245,1.0946446615,2.6529269897
C1-A10-RX3-1_C01,D4P4,F01,8.926890684785098,5.8549475335528145,5,15.7985117344,-0.375678308056,12.9564652372,11.3001010441,4.95505371629
C4-A10-RX2-1_B09,D4P1,A03,47.70411337175126,15.467767295197858,5,36.9419642857,34.5506582713,56.465237167,74.2000673627,36.362639772
C4-A10-RX2-1_B05,D4P1,A02,6.0094076363162605,4.230017062522958,5,5.01217532468,3.9496279336,3.32683560754,14.3819467834,3.37645253234
C4-A10-SL1-2_B10,D4P3,A02,3.144832297954049,2.2213309533735055,5,6.86891233766,0.0686891814539,2.50812215724,3.82283597171,2.4556018417
C4-A10-RX2-1_F10,D4P1,A08,14.294519442742327,20.559464767332965,5,7.90381493506,55.1917572982,3.52176738142,1.347254968,3.508002631
C4-A10-RX4-1_G07,D4P4,B07,-0.8034319420954746,1.7091738824196292,5,-0.101461038961,1.09902690326,0.441845354126,-3.60390703941,-1.8526638895
C4-A10-SL2-2_B05,D4P1,D07,1.5657010320019586,2.8866177840326483,5,6.92978896104,-0.961648540355,-0.8057179987,1.9535197036,0.712563034422
C4-A10-SL2-2_B07,D4P1,D08,0.9183507262775727,2.151980690928302,5,4.00771103896,-2.12936462507,-0.376868096166,2.50926237791,0.58101293576
C4-A10-RX3-1_H01,D4P1,C06,27.838591448110748,6.654310659619745,5,30.367288961,19.6107613051,31.59194282,36.9147861233,20.7081780311
C1-A10-SL1-2_C03,D4P3,E10,-1.3082133741744864,1.4517921040510278,5,0.583858042358,-3.38110477251,-0.220922677063,-2.4924216908,-1.03047577286
C4-A10-SL2-3_B04,D4P1,E11,8.355848782188165,2.219907663193495,5,8.26907467532,10.6468231254,8.3950617284,10.1380936342,4.33019074764
C4-A10-RX2-2_H09,D4P3,G10,0.852139260000806,1.8122494441603856,5,2.27272727273,2.33543216943,1.92332683561,-2.3913775682,0.120587590441
C4-A10-SL3-3_B12,D4P1,H02,15.16411069413239,7.531284377497124,5,9.18222402597,8.75787063537,13.4243014945,29.4375210509,15.018636264
C4-A10-SL2-2_H07,D4P1,E07,1.616369264436353,2.3365082384242366,5,3.97727272727,-2.12936462507,2.04028589994,3.97440215561,0.219250164438
C4-A10-SL2-2_H05,D4P1,E06,-1.3694423233064499,2.7646376094635188,5,2.72930194805,-1.40812821981,-5.95191682911,-1.4819804648,-0.734488050866
C4-A10-RX2-2_H01,D4P3,G09,14.309231694992167,5.360609589801507,5,5.52962662338,14.6307956497,22.1572449643,16.1502189289,13.0782723087
C4-A10-SL2-3_A12,D4P1,E10,0.5656741015504096,1.9623878254369769,5,1.60308441558,3.70921579851,0.285899935023,-1.9366790165,-0.833150624863
C4-A10-RX2-3_C08,D4P3,H02,44.284104636311056,7.928314785744551,5,35.1765422078,39.8053806525,47.5373619233,58.0330077467,40.8682306512
C4-A10-RX4-2_H11,D4P4,D01,6.36482010551796,2.768042906084146,5,2.63798701299,9.13566113337,9.87654320988,5.84371842371,4.33019074764
C4-A10-SL1-3_D01,D4P3,B01,9.023715533305246,1.679061129466784,5,8.7922152261,5.96911089467,9.40870695257,10.8959245537,10.0526200395
C4-A10-SL4-2_A01,D4P2,A03,8.622401482972583,2.1161512305780428,5,11.2824675325,5.66685746995,8.16114359974,10.7443583698,7.25718044289
C4-A10-RX4-3_D01,D4P4,D10,44.00215787497751,10.306174204826265,5,52.0663995421,33.0596911089,50.1884340481,54.6480296396,30.0482350362
C4-A10-RX4-3_D02,D4P4,D11,40.894666653694586,8.887029682717504,5,52.2381224957,37.5260887714,46.3677712801,42.3711687437,25.9701819776
C4-A10-RX4-3_D08,D4P4,D12,39.981267039531645,10.650446270968644,5,42.5529479107,27.3410324196,52.2157244964,50.0505220613,27.7461083096
C1-A10-SL1-3_F09,D4P3,F03,91.78776805242431,16.429776319227493,6,97.5446428571,108.734974242,103.687213024,77.3229369721,101.027281913,62.4095593072
C4-A10-SL3-3_H03,D4P1,H06,78.4995061545329,21.69106800468597,5,68.4456168831,67.2810532341,76.7771280052,120.478275514,59.5154571366
C4-A10-RX4-1_E12,D4P4,B01,42.53429988332151,7.505571748003436,5,35.2374188312,45.3348597596,51.0071474984,48.9390367127,32.1530366148
C1-A10-SL4-1_D09,D4P4,H03,-1.5915079775505745,1.1062031437963502,5,-2.37929595102,-0.500904410742,-0.0649772579597,-2.89659818121,-2.11576408682
C4-A10-SL3-3_H08,D4P1,H07,-0.21318788518397452,0.5008208315743211,5,0.537743506494,-0.034344590727,-0.649772579597,-0.875715729202,-0.0438500328875
C4-A10-RX1-3_A05,D4P2,D12,32.223619428118994,12.716894288378468,5,34.4460227273,16.5540927304,30.7342430149,54.5975075783,24.7862310897
C4-A10-RX1-3_E10,D4P2,E08,1.2729672142110418,1.2534509851057254,5,2.45535714286,0.78992558672,2.46913580247,1.5493432132,-0.898925674194
C1-A10-RX3-1_F06,D4P4,F06,2.4455444071047383,2.0751085308875648,5,6.04464796795,0.709614581884,1.57244964263,3.41865948131,0.482350361763
C4-A10-SL3-3_F05,D4P1,H05,-0.7240531309411984,0.9957560537388827,5,1.08563311688,-1.37378362908,-0.376868096166,-1.4314584035,-1.52378864284
C1-A10-RX3-1_F04,D4P4,F05,1.6784107978551692,4.016977735303362,5,8.62049227247,-2.83845832754,3.44379467186,-0.724149545301,-0.109625082219
C4-A10-RX4-1_A03,D4P4,A02,46.01139854210622,15.554690034707999,5,33.6546266234,42.3468803663,53.4243014945,72.1286628494,28.5025213769
C1-A10-RX4-3_C05,D4P3,D11,81.06576544203268,12.520120520792503,5,92.7647395535,67.2464171421,74.905782976,99.0569215224,71.3549660162
C4-A10-RX4-1_A09,D4P4,A03,36.4399085319561,13.79161575588914,5,20.3530844156,33.9324556382,40.5977907732,60.4580666891,26.8581451436
C4-A10-SL4-2_D01,D4P2,A06,5.9740198196829635,0.8925701000627732,5,7.23417207792,5.59816828849,6.21182586095,6.29841697541,4.52751589564
C4-A10-SL4-2_D03,D4P2,A07,2.8668260116928668,2.224245820169091,5,5.43831168831,1.68288494562,1.65042235218,5.54058605591,0.0219250164438
C4-A10-RX1-3_B03,D4P2,E02,36.27558662784084,12.05589406631884,5,42.2686688312,28.8151116199,38.0636777128,53.8901987201,18.3402762552
C4-A10-RX4-2_F06,D4P4,C09,1.781737106885504,2.218850586935688,5,2.02922077922,5.01431024614,3.20987654321,-0.774671606602,-0.570050427538
C4-A10-RX1-3_B05,D4P2,E03,23.253234844651434,10.055084385180072,5,21.3575487013,14.0125930166,27.8492527615,40.1987201078,12.848059636
C4-A10-RX4-2_F08,D4P4,C11,35.14837808937638,7.896296528716859,5,24.6448863636,36.9547796222,41.8453541261,44.8467497474,27.4501205876
C4-A10-SL1-1_A06,D4P2,H04,-0.6697627771400415,1.9290299710236762,5,2.91193181818,-1.95764167144,-0.53281351527,-1.1283260357,-2.64196448147
C4-A10-SL1-1_A08,D4P2,H05,21.83001261399941,7.312527544119583,5,23.3056006494,15.0429307384,20.987654321,34.8939036713,14.91997369
C1-A10-SL1-2_C05,D4P3,E12,46.32540826441537,11.626796653183922,5,43.3772180882,33.9362738277,39.8180636777,68.0363758841,46.4591098443
C4-A10-RX3-1_E12,D4P1,C01,-0.9236584876073527,1.464629387446547,5,1.23782467532,-2.47281053234,-2.59909031839,-0.0168406871,-0.767375575532
C1-A10-SL3-2_H06,D4P4,G09,3.4986861544250196,1.6623330598560713,5,3.29762070405,5.1342702101,5.19818063678,3.21657123611,0.646787985091
C4-A10-SL4-1_A11,D4P1,H08,1.4504935432736068,1.3984383919604426,5,4.22077922078,0.995993131082,0.948667966212,0.538901987201,0.548125411094
C4-A10-RX1-1_F03,D4P2,C02,17.505891435037025,8.648810576887499,5,15.9395292208,11.7458500286,32.9954515919,19.1310205456,7.7176057882
C4-A10-RX1-1_F05,D4P2,C03,29.650800230838875,8.476200201452587,5,34.5373376623,25.5523755009,30.8512020793,41.2091613338,16.1039245779
C4-A10-RX3-3_A04,D4P2,G06,6.245768691311789,5.346498461205764,5,12.987012987,3.46880366342,12.2547108512,2.66082856181,-0.142512606884
C1-A10-RX3-3_B04,D4P4,G01,6.2584390054439,2.484388877634823,5,3.79852511479,4.34117155976,10.383365822,7.81407881442,4.95505371629
C4-A10-RX2-1_H01,D4P1,A11,31.16163909493282,11.614270692037833,5,26.4407467532,15.5237550086,28.5120207927,50.9093971034,34.4222758167
C4-A10-RX2-1_H02,D4P1,A12,8.43865437737972,5.017688289306866,5,8.45170454545,0.44647967945,6.56270305393,15.5944762546,11.1379083534
C4-A10-RX2-1_H07,D4P1,B01,-0.8410200218952856,1.9979103271334429,5,0.96387987013,-2.74756725816,-3.37881741391,-0.774671606602,1.73207629906
C4-A10-RX2-1_H08,D4P1,B02,-0.3583688635643736,1.4058493484698027,5,1.35957792208,-1.37378362908,-2.36517218973,-0.421017177501,1.00855075641
C4-A10-RX2-2_E01,D4P3,G06,0.3519193494429567,1.7891161397864024,5,0.629058441558,2.98797939325,0.40285899935,-2.64398787471,0.383687787766
C4-A10-RX2-2_E06,D4P3,G07,34.11682704245625,7.857835038366673,5,22.6968344156,35.8557527189,39.42820013,44.5941394409,28.0092085069
C1-A10-SL4-3_H03,D4P4,H12,5.1518403734929725,1.8418225782700899,5,7.4718241269,4.42465562822,6.87459389214,4.63118895251,2.3569392677
C1-A10-SL3-3_A03,D4P4,G11,-0.8759115411018492,1.089167900744677,5,-1.29400306108,-2.33755391679,1.02664067576,-0.875715729202,-0.898925674194
C4-A10-RX3-2_F05,D4P2,G01,24.808775070312837,10.603542290031555,5,30.7325487013,18.2713222667,29.4476933073,37.874705288,7.7176057882
C4-A10-RX2-2_B04,D4P3,G02,44.64818975896593,12.151177408694208,5,37.3681006494,45.7126502576,60.2469135802,54.041764904,25.8715194036
C4-A10-RX1-3_G09,D4P2,F02,45.53250651753369,10.582776594363336,5,58.7966720779,46.2965082999,54.7498375569,37.6726170428,30.1468976102
C4-A10-RX2-3_H06,D4P4,A01,49.892658829373815,14.76887668642074,5,30.5499188312,45.3005151689,56.9330734243,74.2000673627,42.4797193598
C4-A10-SL3-3_B01,D4P1,H01,1.6890737232073985,0.7917591348747408,5,2.3336038961,0.652547223812,0.792722547109,2.4082182553,2.25827669371
C4-A10-RX1-3_G05,D4P2,F01,4.504943299875868,2.1515654365654413,5,7.08198051948,0.824270177447,4.65237166992,6.09632873021,3.86976540232
C4-A10-RX1-3_G02,D4P2,E12,4.364929464443747,2.2082542867169064,5,5.07305194805,1.64854035489,5.08122157245,7.76355675312,2.25827669371
C4-A10-RX1-3_G01,D4P2,E11,22.06770449792835,5.308814124261994,5,26.2885551948,18.0995993131,21.0266406758,29.7406534187,15.1830738873
C4-A10-SL2-1_A01,D4P1,C10,2.9887540551529312,2.599746023619283,5,5.01217532468,0.206067544362,-0.181936322287,6.39946109801,3.508002631
C1-A10-RX1-2_A11,D4P3,C01,2.5030372292355114,1.681150252790207,5,3.15970234688,3.46458884096,4.49642625081,-0.370495116201,1.76496382372
C4-A10-RX4-1_H10,D4P4,B09,44.70681388745873,11.782975119197792,5,38.2508116883,51.7916428163,58.7654320988,49.5453014483,25.1808813857
C4-A10-SL1-2_D03,D4P3,A05,24.030210353157827,6.4140038045208945,5,29.7585227273,11.9862621637,23.0929174789,28.2249915797,27.0883578163
C4-A10-SL1-2_G03,D4P3,A07,-0.6217562546504791,0.8982665204740073,5,0.96387987013,-1.30509444762,-0.844704353476,-1.5830245874,-0.339837754878
C1-A10-RX3-2_F04,D4P4,F11,0.9230443251013393,2.483659272688702,5,5.15168860904,-0.54264644497,2.11825860949,-1.9366790165,-0.17540013155
C1-A10-RX3-2_F08,D4P4,F12,4.311862879739158,1.364519306569671,5,4.13246138862,3.42284680673,6.99155295647,3.57022566521,3.44222758167
C1-A10-SL2-2_B04,D4P3,F08,-0.45855032585334826,2.253448416814645,6,1.35957792208,3.33142530052,-3.08891053291,-0.8057179987,-2.84607611991,-0.7016005262
C4-A10-RX2-3_F05,D4P3,H08,1.6605778753470097,1.043500262461659,5,2.94237012987,2.1637092158,-0.220922677063,1.7514314584,1.66630124973
C4-A10-RX2-3_D12,D4P3,H04,40.14342316216032,13.184460671535662,5,19.53125,40.0801373784,50.3443794672,57.3256988885,33.4356500767
C4-A10-SL4-3_E06,D4P3,B08,20.407246277572753,4.29541652719794,5,17.7561534058,20.2448866008,19.1552956465,28.5786460088,16.3012497259
C1-A10-SL4-2_C03,D4P4,H05,15.573322097764308,6.0798300052647685,5,12.063447892,9.30847363295,18.2975958415,26.2041091277,11.9929839947
C4-A10-RX4-1_D10,D4P4,A09,31.230731668904838,7.059070864445281,5,38.0538065255,29.1776819257,33.151397011,37.1673964298,18.6033764525
C4-A10-RX1-1_C02,D4P2,B06,-0.45727405449560116,3.226210834541282,5,4.76866883117,-0.858614768174,1.26055880442,-4.05860559111,-3.39837754878
C4-A10-RX1-1_C08,D4P2,B07,17.07710800980099,7.916989368995772,5,15.817775974,7.55580995993,19.1163092917,30.9026608286,11.9929839947
C4-A10-RX1-1_C09,D4P2,B08,-1.5597724222427671,1.6792917206592437,5,0.263798701299,-2.26674298798,0.441845354126,-3.95756146851,-2.28020171015
C4-A10-RX4-3_H12,D4P4,E11,20.09329747844626,3.7225594562488027,5,22.5643961076,15.6115208014,19.2332683561,25.9009767599,17.1563253672
C4-A10-RX3-1_D10,D4P1,B11,38.51011792485171,6.729256813611698,5,37.0637175325,32.6960503721,35.4515919428,51.6672280229,35.672001754
C4-A10-RX4-1_F05,D4P4,B04,35.77577284541573,11.517637035272319,5,21.7836850649,38.7063537493,50.890188434,44.2910070731,23.2076299057
C4-A10-RX1-2_B02,D4P2,C10,4.558876905184968,1.752671168899825,5,5.74269480519,2.74756725816,5.51007147498,6.60154934321,2.19250164438
C4-A10-RX1-2_B07,D4P2,C11,10.623580369141632,3.061870967253237,5,12.4086850649,9.44476244991,10.2664067576,15.0892556416,5.90879193159
C4-A10-RX4-2_C03,D4P4,C02,1.5364026774941468,1.8329084998027922,5,2.72930194805,3.84659416142,2.35217673814,-0.774671606602,-0.471387853541
C4-A10-SL1-2_H05,D4P3,A08,1.4159641698663972,1.445111446158305,5,4.03814935065,-0.034344590727,0.246913580247,1.1956887841,1.63341372506
C1-A10-RX4-1_A07,D4P3,D04,0.3839852264415852,2.055898437220606,5,-0.240412135089,-1.41922916377,3.98960363873,-1.5830245874,1.17298837974
C4-A10-SL2-1_B05,D4P1,C11,1.802843597252619,2.2866868922492163,5,5.92532467532,-0.927303949628,0.519818063678,1.5998652745,1.89651392239
C4-A10-RX3-1_C12,D4P1,B10,41.90368528449868,8.613975022599242,5,40.137987013,33.9324556382,41.8063677713,58.1340518693,35.5075641307
C4-A10-RX2-2_D01,D4P3,G04,30.06589103318408,8.079013644546452,5,19.3181818182,32.5243274184,39.935022742,36.5611316942,21.9907914931
C4-A10-RX1-1_D11,D4P2,B10,2.5691560600028165,2.8381179287379927,5,1.72483766234,-0.103033772181,4.80831708902,6.85415964971,-0.438500328875
C4-A10-RX3-3_D10,D4P2,H01,30.321286356948214,11.254312195744543,5,35.3896103896,21.8775042931,42.5860948668,39.0367126979,12.7165095374
C4-A10-SL2-2_A09,D4P1,D06,78.53237574281926,17.315540749122434,5,65.8583603896,97.6416714367,95.8024691358,80.7174132705,52.6419644815
C4-A10-RX3-2_C07,D4P2,F10,30.557865560034656,9.521138589264815,5,34.9939123377,22.2896393818,34.8667966212,43.4826540923,17.1563253672
C4-A10-RX3-3_C10,D4P2,G10,32.289986017405944,11.22099476457309,5,38.768262987,20.8128219805,36.3482781027,47.5749410576,17.9456259592
C4-A10-RX1-2_A12,D4P2,C09,37.12933318422845,15.047573307274726,5,36.0288149351,28.0938752147,64.7303443795,36.6116537555,20.1819776365
C4-A10-RX4-2_A05,D4P4,B10,29.293760265973724,11.419578239113694,5,14.7828733766,24.281625644,35.0617283951,48.1812057932,24.161368121
C4-A10-SL1-1_F08,D4P2,H12,69.71671248959998,33.26834245950303,5,5.62094155844,96.1991986262,90.7732293697,86.4769282587,69.5132646349
C4-A10-SL2-1_G04,D4P1,D04,-0.9115761269968518,1.7258372810937943,5,1.87702922078,-3.36576989124,-1.85834957765,-0.673627484001,-0.537162902872
C4-A10-SL2-1_G02,D4P1,D03,16.186510041528344,4.0545226300475825,5,18.0397727273,11.4710933028,14.3989603639,23.1222633883,13.9004604253
C4-A10-SL1-1_F02,D4P2,H11,61.53021209499468,24.291185952195917,5,22.5446428571,65.3921007441,80.7537361923,90.9228696531,48.0377110283
C4-A10-SL3-1_D08,D4P1,F12,28.98485268946005,9.636180167052176,5,25.6493506494,30.2575844305,43.3658219623,32.0141461772,13.637360228
C4-A10-RX2-2_F04,D4P3,G08,2.4820171406736344,1.4270198103833363,5,2.12053571429,3.84659416142,3.8726445744,-0.0168406871,2.58715194036
C1-A10-SL2-3_G02,D4P3,F12,1.3074685919445626,1.1890065732551824,6,3.03368506494,1.57985117344,1.62793933491,0.597790773229,-0.825193667902,1.83073887305
C4-A10-RX4-3_G03,D4P4,E05,43.8686077243918,9.913629052911213,5,47.7389811105,31.4734938083,52.4496426251,55.0016840687,32.6792370094
C4-A10-RX4-2_B06,D4P4,B12,41.26698601623814,8.296598481108049,5,35.1461038961,42.7933600458,45.0032488629,53.7386325362,29.6535847402
C4-A10-SL2-2_B10,D4P1,D09,-0.022880311847482192,2.6291746882850044,5,3.33806818182,-3.84659416142,-2.0922677063,2.0040417649,0.482350361763
C4-A10-RX4-2_B09,D4P4,C01,2.5512169305909316,1.1292865449016476,5,1.78571428571,4.53348597596,2.46913580247,2.76187268441,1.20587590441
C4-A10-RX3-2_F06,D4P2,G02,9.882859679159242,4.973417234969512,5,14.5698051948,7.24670864339,13.6972059779,12.5631525766,1.33742600307
C4-A10-RX3-2_F07,D4P2,G03,-0.5727258007045515,1.9019291917174217,5,2.72930194805,-0.78992558672,0.0129954515919,-2.2398113843,-2.57618943214
C4-A10-RX4-3_F12,D4P4,E04,55.549569229485066,13.833302526807945,5,71.0246136234,42.3681647419,68.9408706953,58.6897945436,36.7244025433
C4-A10-SL1-1_E09,D4P2,H10,7.980609625606398,8.102876283397224,5,23.1229707792,1.20206067544,3.63872644574,9.58235095992,2.3569392677
C4-A10-RX2-1_D07,D4P1,A05,7.803107884088433,2.4785880884088085,5,7.99512987013,4.91127647396,5.54905782976,11.8558437184,8.70423152817
C4-A10-RX3-3_C11,D4P2,G11,19.072940865328725,7.7697074442663485,5,26.1363636364,10.818546079,21.338531514,27.9723812732,9.09888182416
C4-A10-RX4-3_D12,D4P4,E01,11.15291056763713,2.6470618575502938,5,13.5661611243,8.13969667455,11.5139701105,14.4324688447,8.11225608419
C4-A10-RX2-1_A08,D4P1,A01,0.33788311122403225,1.6946852042946512,5,1.78571428571,2.40412135089,-2.28719948018,0.488379925901,-0.7016005262
C4-A10-RX4-1_F03,D4P4,B02,39.41972461348781,11.164621669259502,5,31.1891233766,43.4115626789,44.3014944769,55.1532502526,23.0431922824
C4-A10-RX4-1_F04,D4P4,B03,1.2003886115817957,2.0752479119537446,5,0.59862012987,4.67086433887,2.15724496426,-1.3809363422,-0.0438500328875
C4-A10-RX4-1_F07,D4P4,B05,42.2893628009635,12.080637124735137,5,28.9366883117,42.6903262736,58.7654320988,52.2229706972,28.8313966235
C4-A10-SL2-3_C04,D4P1,F01,0.2165672335342954,1.7344709891656445,5,0.750811688312,3.0566685747,0.480831708902,-1.5830245874,-1.62245121684
C4-A10-RX3-1_H10,D4P1,C08,-1.5764750686024107,1.9139284331114321,5,1.23782467532,-4.12135088724,-3.26185834958,-0.673627484001,-1.06336329752
C4-A10-SL2-3_C09,D4P1,F03,2.79549329872047,1.7684015760983962,5,3.82508116883,4.36176302232,3.20987654321,3.21657123611,-0.635825476869
C4-A10-RX3-2_A10,D4P2,F05,53.39983529815679,11.845321605981738,5,67.0454545455,59.0383514596,57.3229369721,51.7682721455,31.8241613681
C4-A10-RX3-2_A11,D4P2,F06,33.496833629980095,6.799752560323289,5,37.5811688312,31.7687464224,30.1494476933,43.9878747053,23.9969304977
C4-A10-RX3-1_H11,D4P1,C09,17.164517511494488,8.226617711569364,5,18.0093344156,7.62449914139,14.9447693307,32.1657123611,13.0782723087
C4-A10-RX3-2_E03,D4P2,F12,36.28791510584674,8.044075350192093,5,44.1254058442,34.7567258157,32.0207927225,46.2108454025,24.3258057444
C4-A10-SL2-3_C01,D4P1,E12,20.17309376245399,5.084707880602665,5,18.1919642857,18.8208357184,18.1806367771,30.0943078478,15.5777241833
C4-A10-SL1-2_G01,D4P3,A06,-0.37961006611511305,0.9226555102295785,5,1.08563311688,-1.09902690326,-0.922677063028,-1.2798922196,0.317912738435
C1-A10-SL2-1_H07,D4P3,F06,-1.6368937297288986,1.3930272358751357,6,0.111607142857,-1.47681740126,-0.333936273828,-2.0922677063,-4.21017177501,-1.81977636483
C4-A10-RX2-3_A09,D4P3,G12,1.1391821827345587,1.4694507449003213,5,1.17694805195,1.30509444762,2.70305393112,-1.5830245874,2.09383907038
C4-A10-RX2-3_E10,D4P3,H06,39.98656270725187,11.805839537325745,5,22.5446428571,39.0497996566,47.4983755686,57.1741327046,33.6658627494
C1-A10-SL4-1_C10,D4P4,H02,0.7843112550006139,1.558907867031324,5,-0.250452205371,-0.417420342285,3.83365821962,0.437857864601,0.317912738435
C4-A10-RX2-3_B05,D4P3,H01,16.989250567050114,5.882111338264945,5,5.86444805195,16.8975386377,21.7673814165,18.52475581,21.8921289191
C4-A10-SL1-3_C08,D4P3,A12,0.9267152870414572,1.3555485491563428,5,-0.309101316543,-0.208710171142,3.24886289799,1.6503873358,0.252137689103
C1-A10-SL1-1_A11,D4P3,E02,-2.354700507398012,1.7164143985491218,5,-0.755580995993,-4.80033393627,-0.571799870045,-3.95756146851,-1.68822626617
C4-A10-RX1-2_E07,D4P2,D02,31.632406471343433,9.375573114127512,5,34.476461039,22.9078420149,33.151397011,46.9181542607,20.7081780311
C1-A10-RX3-3_H07,D4P4,G04,4.854327345608928,1.9856316404335432,5,3.50633087519,2.88020036176,8.35607537362,5.69215223981,3.83687787766
C1-A10-RX1-3_E04,D4P3,C05,-1.1923587361549557,0.6863320683822217,5,-0.858614768174,-1.29400306108,-0.961663417804,-2.4418996295,-0.40561280421
C1-A10-RX3-1_B02,D4P4,E12,2.1688807565185924,2.8409309804944933,5,6.80022896394,-2.08710171142,2.70305393112,1.4988211519,1.92940144705
C4-A10-RX1-1_F12,D4P2,C04,-2.0082558062314018,1.2300059769109346,5,-0.131899350649,-2.19805380653,-1.15659519168,-3.45234085551,-3.10238982679
C4-A10-SL2-2_E01,D4P1,E01,3.7103390281462176,3.9871459193443717,5,10.7345779221,-1.13337149399,1.18258609487,4.22701246211,3.54089015567
C4-A10-RX4-3_G11,D4P4,E06,0.007332196530916724,3.035225456637599,5,4.70520892959,-3.92375121748,2.04028589994,-1.8861569552,-0.898925674194
C4-A10-SL2-3_D11,D4P1,F04,15.248076796656969,5.9655667236059875,5,17.674512987,17.9965655409,22.0792722547,14.0282923543,4.46174084631
C4-A10-SL1-1_E01,D4P2,H08,91.43156972915217,53.19642444178599,5,1.32913961039,94.9284487693,106.874593892,167.312226339,86.7134400351
C4-A10-SL4-2_D10,D4P2,A08,2.0686401386868436,1.6215129678083464,5,4.34253246753,1.03033772181,1.49447693307,3.51970360391,-0.0438500328875
C4-A10-RX4-2_C11,D4P4,C03,41.0475969724101,10.116048048068814,5,34.3851461039,43.3428734974,51.6699155296,50.7578309195,25.0822188117
C4-A10-RX4-3_A06,D4P4,D03,0.5932347735209175,3.213315466915308,5,5.90726960504,-1.62793933491,2.70305393112,-2.4924216908,-1.52378864284
C4-A10-RX1-2_G10,D4P2,D07,70.99576546590401,28.90084408104144,5,61.9926948052,44.2701774471,93.7361923327,114.769282587,40.2104801579
C4-A10-RX1-2_H09,D4P2,D10,-1.5966487341958597,1.4151523696252997,5,-0.314529220779,-2.88494562106,0.519818063678,-2.69450993601,-2.60907695681
C4-A10-RX3-1_B12,D4P1,B08,19.405219329584767,6.456396735388258,5,18.7094155844,12.6044647968,17.3229369721,31.6604917481,16.7287875466
C4-A10-RX1-2_H02,D4P2,D08,45.521990479827316,17.899740788117274,5,50.7609577922,30.2919290212,44.2625081222,76.42303806,25.8715194036
C4-A10-RX1-2_H04,D4P2,D09,0.37825437532622974,2.0638078038955125,5,0.568181818182,-1.71722953635,0.207927225471,4.12596833951,-1.29357597018
C4-A10-SL3-3_A02,D4P1,G11,1.700689584547579,1.2780368479290893,5,3.79464285714,0.206067544362,0.558804418454,1.7514314584,2.19250164438
C4-A10-SL2-1_H05,D4P1,D05,-0.9950059419404156,2.099196444297585,5,2.51623376623,-2.91929021179,-3.37881741391,-0.623105422701,-0.570050427538
C1-A10-SL3-2_D10,D4P4,G07,17.679778293065425,5.743733832567343,5,14.2340336719,16.6550716572,25.4320987654,22.6170427753,9.46064459548
C4-A10-SL3-1_B07,D4P1,F11,12.854499354361659,4.068826718161405,5,13.6566558442,9.47910704064,16.4262508122,17.7164028292,6.99408024556
C4-A10-SL3-3_A09,D4P1,G12,22.967793650250005,5.546084047814587,5,23.9143668831,20.4693760733,23.4048083171,32.0646682385,14.9857487393
C4-A10-RX4-3_C05,D4P4,D08,13.990171864731156,3.6161039695856445,5,18.4773898111,8.76582718798,16.6601689409,15.1397777029,10.9076956808
C4-A10-RX4-1_E02,D4P4,A10,-0.1520895671949094,1.3705167864830003,5,1.32913961039,1.16771608472,0.207927225471,-2.1387672617,-1.32646349485
C4-A10-RX4-2_D12,D4P4,C06,-0.4121037917972485,2.7721804453306165,5,1.51176948052,3.60618202633,-0.571799870045,-4.26069383631,-2.34597675948
C4-A10-SL1-1_E03,D4P2,H09,-1.2998461882907573,1.4945812059379773,5,1.51176948052,-1.40812821981,-1.46848602989,-2.4924216908,-2.64196448147
C4-A10-RX1-1_E07,D4P2,C01,38.68004520408644,7.905965537822222,5,33.9894480519,31.1161991986,46.8745938921,49.5958235096,31.8241613681
C1-A10-SL3-1_E04,D4P4,G06,40.98036973539735,8.721089359165909,5,34.1449839989,37.6513148741,45.9389213775,55.5069046817,31.6597237448
C1-A10-SL3-2_G08,D4P4,G08,29.41954543876961,5.92576425678865,5,27.5080005566,23.9599276471,32.3716699155,39.4914112496,23.766717825
C4-A10-RX3-3_A12,D4P2,G07,39.610574454234346,10.111401660420885,5,44.2471590909,35.8900973097,43.1708901884,52.4250589424,22.3196667398
C4-A10-RX2-1_H12,D4P1,B03,3.065280195353043,1.4611152931757376,5,4.70779220779,2.40412135089,0.831708901884,4.63118895251,2.75158956369
C1-A10-RX3-3_B11,D4P4,G02,2.0750719193902305,5.7268486020639395,6,1.08529288994,0.250452205371,1.41922916377,14.3989603639,-3.04816436511,-1.6553387415
C4-A10-RX4-1_E09,D4P4,A12,44.93728462606203,11.661497185104649,5,31.2804383117,39.118488838,44.5354126056,66.3186257999,43.4334575751
C4-A10-RX2-1_G08,D4P1,A10,16.720470123761356,7.960189710281629,5,16.7918019481,5.83858042358,13.3853151397,30.3974402156,17.1892128919
C4-A10-SL4-1_F08,D4P1,H12,7.441621108123118,1.7750959112398925,5,7.41680194805,4.53348597596,7.10851202079,10.0370495116,8.11225608419
C4-A10-RX1-3_A10,D4P2,E01,48.08260554167002,21.125181106152496,5,32.6501623377,36.5082999428,55.4905782976,86.2748400135,29.4891471169
C4-A10-SL3-3_D07,D4P1,H04,43.087289419651164,17.909417112040316,5,27.932224026,28.7807670292,32.0987654321,74.0485011788,52.5761894321
C4-A10-SL4-2_F08,D4P2,A10,-0.08423049348193694,1.7081572595021868,5,2.88149350649,-0.652547223812,0.597790773229,-1.9872010778,-1.26068844552
C4-A10-SL4-1_F06,D4P1,H11,9.494999647210516,4.765552840341378,5,9.15178571429,4.19004006869,17.2059779077,11.9063657797,5.02082876562
C4-A10-SL4-1_G10,D4P2,A02,23.88510363241208,6.454720488596505,5,27.0799512987,17.8935317687,21.1825860949,34.9949477939,18.2745012059
C4-A10-RX1-1_G07,D4P2,C05,-2.2828579566190257,1.7119453513401093,5,-0.375405844156,-1.95764167144,-0.922677063028,-5.22061300101,-2.93795220346
C4-A10-RX3-3_B05,D4P2,G08,35.33425598984538,11.222247770697843,5,37.6724837662,30.4979965655,38.1806367771,52.3745368811,17.9456259592
C1-A10-RX4-2_C01,D4P3,D07,0.25819503399375043,1.0702828701802884,5,-0.995993131082,0.626130513427,2.00129954516,-0.724149545301,0.383687787766
C4-A10-RX4-1_C12,D4P4,A05,-0.7390020551610303,1.4083791166411672,5,0.720373376623,0.721236405266,-0.376868096166,-2.64398787471,-2.11576408682
C4-A10-SL4-3_H12,D4P3,B09,-1.432219592939929,1.2733362206810308,5,-2.12936462507,0.166968136914,0.0519818063678,-2.54294375211,-2.7077395308
C4-A10-RX1-3_C01,D4P2,E04,40.6047054694905,10.399965603796291,5,53.9874188312,37.5386376646,35.1007147498,50.6567867969,25.739969305
C1-A10-SL1-2_C04,D4P3,E11,44.53651024707053,9.923281132925359,5,43.9267315398,32.892722972,42.8200129955,62.8326035702,40.2104801579
C4-A10-RX4-3_E10,D4P4,E02,2.095058819639754,3.8094823756869656,5,8.86090440756,-2.04535967719,3.36582196231,-0.319973054901,0.613900460425
C4-A10-SL3-2_A04,D4P1,G05,5.187808673265431,2.437968948307504,5,8.26907467532,4.29307384087,5.19818063678,7.00572583361,1.17298837974
C1-A10-RX3-1_D08,D4P4,F03,1.3415822781180036,3.8720144892304944,5,7.76187750429,-3.54807290942,3.28784925276,-0.421017177501,-0.372725279544
C1-A10-RX3-3_G08,D4P4,G03,1.2934752979015625,3.6497363037185058,5,0.0417420342285,1.33574509531,8.23911630929,-1.9872010778,-1.16202587152
C4-A10-RX1-3_D04,D4P2,E05,21.86565515365541,12.828964999042773,5,35.4809253247,7.83056668575,23.2098765432,36.2074772651,6.59942994957
C4-A10-SL4-2_F09,D4P2,A11,10.084088919604927,3.9749456814225983,5,11.3129058442,8.41442472811,8.86289798571,16.9080498484,4.92216619162
C4-A10-RX4-1_E08,D4P4,A11,60.55869731852977,17.19580790733687,5,50.1521915584,66.7658843732,84.9252761533,66.8238464129,34.1262880947
C1-A10-SL1-3_H06,D4P3,F04,-0.7536126564800644,2.7049677857015135,6,0.446428571429,0.412135088724,-0.292194239599,3.09291747888,-5.47322330751,-2.7077395308
C1-A10-RX4-3_D09,D4P3,D12,-1.9683459597440698,1.3644407189783625,5,-2.85060103034,-4.17420342285,-1.50747238467,-0.673627484001,-0.635825476869
C1-A10-RX1-1_E06,D4P3,B10,1.1756753240315434,2.2930030493627793,5,0.377790497997,4.5498817309,3.13190383366,-1.3809363422,-0.800263100197
C4-A10-SL4-3_A04,D4P3,B02,28.665447073641552,6.180021371760995,5,28.5060103034,22.1650201753,30.4223521767,39.2893230044,22.9445297084
C4-A10-SL4-3_A06,D4P3,B03,2.397792089091102,2.055030357091666,5,3.36576989124,-0.918324753026,5.39311241066,2.0545638262,2.09383907038
C1-A10-SL2-3_H02,D4P3,G01,-0.4553649097112493,1.7423042890087663,6,2.27272727273,-1.20206067544,-0.793098650341,-1.00064977258,-3.14920848771,1.14010085508
C1-A10-SL1-1_G12,D4P3,E08,8.497853267637199,1.3166183792166888,5,8.72352604465,6.26130513427,9.48667966212,10.0370495116,7.98070598553
C4-A10-RX4-3_B01,D4P4,D05,2.3381965219527965,3.3728050209353633,5,6.76588437321,-2.00361764297,5.74398960364,1.1956887841,-0.0109625082219
C4-A10-RX1-1_C12,D4P2,B09,0.10442215497858483,1.99631455387922,5,0.385551948052,-2.33543216943,2.5860948668,1.9029976423,-2.01710151283
C4-A10-SL4-3_B03,D4P3,B05,21.23014920257725,2.6014637805770944,5,20.8471665713,19.0343676082,22.7810266407,25.3452340856,18.1429511072
C4-A10-SL4-3_B07,D4P3,B06,2.872717713087388,2.2970101323783982,5,3.81224957069,2.25406984834,6.83560753736,0.387335803301,1.07432580574
C4-A10-RX4-2_H12,D4P4,D02,14.482668392496203,3.560030174052248,5,11.1607142857,14.836863194,18.9603638726,17.6658807679,9.78951984214
C4-A10-RX3-3_D07,D4P2,G12,25.07905392559696,5.055598110880753,5,26.9886363636,20.5724098454,27.1085120208,32.4183226676,18.3073887305
C4-A10-RX2-2_D10,D4P3,G05,4.1061104116942895,8.337563069993749,5,20.5965909091,1.7859187178,0.87069525666,-1.3304142809,-1.39223854418
C4-A10-RX1-2_A08,D4P2,C08,45.17703483464568,16.204822489200616,5,33.9590097403,36.1305094448,65.1202079272,64.146177164,26.529269897
C4-A10-RX3-1_A02,D4P1,B04,38.33146858772279,7.834819337450205,5,37.794237013,34.1041785919,44.457439896,48.8379925901,26.4634948476
C4-A10-RX3-1_A03,D4P1,B05,18.53548588464067,6.941769184870209,5,16.9744318182,13.9439038351,16.1533463288,32.1657123611,13.44003508
C4-A10-SL2-1_C06,D4P1,C12,33.13817457831338,9.167681172537852,5,32.3153409091,22.8391528334,26.6016894087,49.5453014483,34.389388292
C4-A10-RX1-1_A04,D4P2,B02,52.75390481480029,13.648674720927623,5,51.7045454545,52.4098454493,61.5724496426,69.3499494779,28.7327340496
C4-A10-SL2-2_F10,D4P1,E03,6.077924375919247,3.413291134579645,5,12.1651785714,3.9496279336,4.26250812216,7.35938026271,2.6529269897
C4-A10-RX1-1_A03,D4P2,B01,0.8280180173080197,1.9096231349067696,5,1.66396103896,-0.858614768174,3.52176738142,1.5998652745,-1.78688884017
C4-A10-RX1-1_A01,D4P2,A12,32.234074795308814,6.675508226478747,5,21.8141233766,31.4939896966,34.7498375569,42.4722128663,30.6402104802
C4-A10-SL3-1_D12,D4P1,G01,101.48955256572178,34.89320852483323,5,59.4967532468,70.9902690326,143.521767381,140.838666218,92.6003069502
C4-A10-RX1-1_A08,D4P2,B03,10.500481967308229,2.9942324488318977,5,12.1956168831,8.41442472811,12.4886289799,13.7251599865,5.67857925893
C4-A10-RX1-1_A09,D4P2,B04,4.682540608201569,3.810653891566075,5,9.45616883117,2.1637092158,8.94087069526,2.86291680701,-0.0109625082219
C4-A10-RX3-2_B02,D4P2,F07,32.352535229088815,7.827624878421676,5,39.255275974,28.1625643961,28.7069525666,43.4826540923,22.1552291164
C4-A10-RX3-2_B07,D4P2,F08,17.71610171298193,11.1810769794579,5,30.0629058442,6.52547223812,13.2293697206,32.0646682385,6.69809252357
C4-A10-RX3-2_B09,D4P2,F09,18.760111766768283,5.357822028016858,5,24.8579545455,12.8105323412,20.9486679662,23.2233075109,11.9600964701
C4-A10-SL3-3_C10,D4P1,H03,9.401454803142073,1.9433131360561595,5,9.88230519481,8.38008013738,11.4749837557,11.0980127989,6.17189212892
C4-A10-RX3-1_F12,D4P1,C05,18.57515345446143,6.315880998647506,5,21.1444805195,15.0772753291,14.7888239116,29.7406534187,12.1245340934
C1-A10-SL4-2_G03,D4P4,H08,7.300027460557942,2.4560359766840882,5,5.50994851816,5.7186586893,11.3580246914,8.92556416302,4.98794124096
C1-A10-SL4-2_C11,D4P4,H06,1.9293967521740463,1.5362051359201563,5,2.58800612217,2.79671629331,3.91163092917,0.690468171101,-0.339837754878
C4-A10-RX4-3_F04,D4P4,E03,11.774917095189275,3.018075516604556,5,13.9095592444,7.68053429804,14.0090968161,14.7356012125,8.53979390485
C1-A10-SL1-1_E05,D4P3,E06,-2.9292859081588025,1.0806158527871184,5,-3.12535775615,-4.59162376513,-1.42949967511,-3.35129673291,-2.14865161149
C4-A10-SL2-3_G09,D4P1,F08,32.97965709436067,10.205784263359664,5,31.0064935065,30.188895249,34.0480831709,50.6567867969,18.9980267485
C4-A10-RX3-2_A09,D4P2,F04,33.59675544495166,10.232966616070023,5,44.5515422078,24.6937607327,41.8843404808,38.4809700236,18.3731637799
C4-A10-RX3-1_H09,D4P1,C07,42.13364797176716,9.921910170498698,5,42.96875,33.5203205495,43.7166991553,59.2960592792,31.1664108748
C1-A10-RX2-1_C02,D4P3,C07,24.376096618039888,6.224713833578363,5,28.3686319405,13.1069987477,26.2897985705,31.1047490738,23.0103047577
C4-A10-SL2-3_G02,D4P1,F07,1.1768881773754198,1.316068747359801,5,3.30762987013,0.240412135089,1.72839506173,1.1451667228,-0.537162902872
C4-A10-RX3-2_A07,D4P2,F03,16.87408305337494,7.761179568500341,5,22.6663961039,8.92959358901,24.3014944769,22.4654765914,6.00745450559
C4-A10-RX2-1_C03,D4P1,A04,26.585903823054043,7.182232843514037,5,23.9448051948,19.5077275329,24.5354126056,40.4513304143,24.4902433677
C1-A10-RX4-2_D01,D4P3,D08,28.51797405482721,5.874308831820888,5,36.3709215799,27.2575483512,28.2781026641,32.0141461772,18.6691515019
C1-A10-RX4-2_D05,D4P3,D09,23.409108745067062,7.913354728853582,5,28.9868345736,12.9400306108,17.0500324886,34.8939036713,23.1747423811
C4-A10-RX2-3_E05,D4P3,H05,39.722116850548716,12.0257111398336,5,19.9878246753,38.1568402977,46.6016894087,56.4163017851,37.4479280859
C4-A10-RX1-3_F11,D4P2,E10,42.82451035749941,18.94715993188716,5,47.1387987013,25.6210646823,33.9701104613,77.8376557764,29.5549221662
C4-A10-SL2-3_A05,D4P1,E09,3.1883390432485674,4.890074207313599,5,12.3478084416,-1.06468231254,0.363872644574,4.07544627821,0.219250164438
C4-A10-RX2-3_E11,D4P3,H07,1.7424342574096578,0.874475090687209,5,2.39448051948,2.95363480252,1.14359974009,0.488379925901,1.73207629906
C4-A10-SL3-2_H08,D4P1,G10,10.884645051723464,3.1542358417781102,5,11.6477272727,9.44476244991,10.032488629,16.4028292354,6.89541767156
C1-A10-SL1-1_F11,D4P3,E07,-1.1454098262543624,1.2754338973858512,5,0.206067544362,-3.54807290942,-0.766731643925,-0.522061300101,-1.09625082219
C1-A10-RX3-1_E01,D4P4,F04,2.1282533120242433,2.301644573199663,5,5.76989124213,-0.960066787255,3.48278102664,1.0441226002,1.3045384784
C4-A10-SL2-3_A01,D4P1,E08,-2.502403516778667,2.3339723580021423,5,1.8161525974,-4.73955352032,-4.27550357375,-3.09868642641,-2.21442666082
C1-A10-SL4-3_D02,D4P4,H10,10.327164810846558,2.920278319596368,5,12.8565465424,12.4391262001,10.383365822,11.1990569215,4.7577285683
C4-A10-SL1-2_D01,D4P3,A04,4.028879638145726,2.071716465041813,5,6.96022727273,0.961648540355,3.28784925276,5.59110811721,3.34356500767
C4-A10-RX4-3_C02,D4P4,D07,44.05773495486768,9.048956594042442,5,50.0400686892,32.4335605955,49.9935022742,53.9912428427,33.8303003727
C4-A10-RX1-2_G06,D4P2,D06,44.81121138517122,20.004072815990412,5,35.2678571429,23.526044648,54.2820012995,79.3533176154,31.6268362201
C4-A10-RX3-1_B07,D4P1,B07,14.799545586325141,5.121820291011939,5,16.1525974026,7.76187750429,13.4632878493,23.4759178174,13.144047358
C4-A10-RX1-2_D05,D4P2,D01,25.002871849328397,10.403639194929996,5,22.6359577922,16.725815684,21.4165042235,45.4024924217,18.8335891252
C4-A10-SL1-3_B01,D4P3,A10,6.188451830115481,1.7136632614981375,5,4.8425872925,7.13788785307,9.13580246914,5.03536544291,4.79061609296
C1-A10-SL4-1_C09,D4P4,H01,0.869218247273427,1.6037346406482273,5,-0.751356616112,-0.459162376513,3.20987654321,2.357696194,-0.0109625082219
C4-A10-SL2-2_D06,D4P1,D12,27.970932805474728,7.5680390130318,5,29.6976461039,21.4310246136,28.2781026641,40.9565510273,19.4913396185
C4-A10-SL3-1_H06,D4P1,G03,99.46635193890963,28.31229949716318,5,94.7138798701,88.8151116199,98.8434048083,150.740990232,64.2183731638
C4-A10-SL3-1_F06,D4P1,G02,2.335503891159353,1.7469736599512713,5,4.46428571429,2.36977676016,3.83365821962,1.4482990906,-0.438500328875
C1-A10-RX4-1_B04,D4P3,D05,-2.3776542946867334,2.109120886691487,5,-3.81224957069,-4.2576874913,1.37751786875,-3.70495116201,-1.49090111818
C1-A10-SL1-2_A08,D4P3,E09,1.1945743426822166,2.6490190325241123,5,0.44647967945,5.05078614164,3.28784925276,-2.3408555069,-0.471387853541
C4-A10-RX4-2_D02,D4P4,C05,36.17738243178714,8.756643639364574,5,24.8579545455,38.4659416142,42.5860948668,47.6254631189,27.3514580136
C1-A10-RX2-2_E04,D4P3,D01,58.802864777271886,14.584100754163353,5,54.9170005724,34.6041463754,60.0909681611,65.0555742674,79.34663451
C4-A10-SL2-1_F10,D4P1,D02,-1.208077162647347,1.8451650753454565,5,1.5726461039,-3.40011448197,-2.87199480182,0.0842034355002,-1.42512606884
C1-A10-RX2-2_E02,D4P3,C12,3.1819954459732074,1.2873824431419494,5,2.43846594161,1.54445526645,3.09291747888,3.41865948131,5.41547906161
C1-A10-RX4-1_D03,D4P3,D06,0.26968495418471117,2.1265226665243766,5,-0.309101316543,0.459162376513,3.59974009097,-3.04816436511,0.646787985091
C4-A10-SL1-1_B04,D4P2,H06,19.951879456183605,13.911746711182154,5,24.7666396104,8.2770463652,15.2566601689,44.6951835635,6.7638675729
C1-A10-RX3-1_D01,D4P4,F02,-1.3470904290898496,3.1746156023295415,5,3.84659416142,-4.42465562822,0.519818063678,-4.46278208151,-2.21442666082
C4-A10-RX4-1_D09,D4P4,A08,47.78644699310532,14.103887844483737,5,34.080762987,43.9954207212,51.3190383366,73.240148198,36.2968647226
C4-A10-SL3-1_A02,D4P1,F10,2.3490723496601618,0.9748881145311443,5,3.30762987013,3.50314825415,1.88434048083,2.2061300101,0.844113133085
C4-A10-RX4-1_D02,D4P4,A06,0.16281873616301495,0.7361140134671038,5,0.933441558442,0.892959358901,0.168940870695,-0.1178848097,-1.06336329752
C4-A10-RX4-3_B09,D4P4,D06,16.422434619172435,6.222164086965183,5,24.522037779,7.26311395575,19.8960363873,19.029976423,11.4010085508
C4-A10-RX4-1_D04,D4P4,A07,3.2442910205372764,1.2643264037115294,5,5.65137987013,2.85060103034,2.85899935023,2.96396092961,1.89651392239
C4-A10-SL2-2_C09,D4P1,D11,8.718732413324044,6.440876287734483,5,12.7130681818,1.2707498569,4.22352176738,19.1815426069,6.20477965358
C4-A10-SL2-2_C04,D4P1,D10,-0.13656311575401198,3.7092244023446055,5,3.58157467532,-4.29307384087,-3.69070825211,4.78275513641,-1.06336329752
C4-A10-SL4-2_B08,D4P2,A05,8.015334496015972,1.9051458353589565,5,9.69967532468,9.5477962221,6.4457439896,9.32974065342,5.05371629029
C4-A10-SL2-2_F11,D4P1,E04,1.9672080813957737,1.1949577700644185,5,3.55113636364,1.61419576417,0.0909681611436,2.91343886831,1.66630124973
C4-A10-SL1-2_C12,D4P3,A03,5.805134872912147,2.328767357876865,5,8.6038961039,1.57985117344,5.58804418454,6.75311552711,6.50076737558
C4-A10-RX3-3_C01,D4P2,G09,44.492998707777346,9.158263179441855,5,58.0661525974,47.1207784774,47.3814165042,39.2893230044,30.6073229555
C1-A10-SL4-3_F11,D4P4,H11,25.498697217679357,4.759595277856864,5,26.8401280089,22.4572144149,23.599740091,34.0855506905,20.5108528831
C1-A10-SL2-1_D09,D4P3,F05,2.9291668082631883,2.983509781800421,6,6.96022727273,5.18603319977,4.80033393627,1.4554905783,-1.8356348939,1.00855075641
C1-A10-RX1-1_H11,D4P3,B11,3.822508791037154,2.073000051384441,5,4.63651974814,-0.292194239599,5.0032488629,5.23745368811,4.52751589564
C4-A10-RX4-1_C02,D4P4,A04,2.8596886011803075,1.1377610001322807,5,3.15543831169,3.29708070979,3.56075373619,3.67126978781,0.613900460425
C4-A10-RX1-3_A02,D4P2,D11,-1.401302142969644,1.4062285032824289,5,0.629058441558,-2.47281053234,-0.0259909031839,-2.59346581341,-2.54330190748
C1-A10-RX4-3_A02,D4P3,D10,3.5345791908695148,2.22168891980519,5,3.88093875215,-0.417420342285,3.56075373619,6.44998315931,4.19864064898
